user_id,first_name,last_name,username,email,phone
1,Arsipatra,Nuraini,arsipatranuraini,arsipatranuraini@hotmail.com,(068) 911-3755
2,Erik,Maheswara,erikmaheswara,erikmaheswara@yahoo.com,+62 (067) 637 4069
3,Maida,Rajata,maidarajata,maidarajata@gmail.com,+62 (70) 249 5828
4,Wira,Astuti,wiraastuti,wiraastuti@gmail.com,+62-574-743-3952
5,Zamira,Wibowo,zamirawibowo,zamirawibowo@yahoo.com,085 054 5065
6,Nardi,Hidayanto,nardihidayanto,nardihidayanto@yahoo.com,(0667) 586 3598
7,Jagaraga,Kuswoyo,jagaragakuswoyo,jagaragakuswoyo@yahoo.com,+62 (009) 623 1208
8,Caturangga,Sihotang,caturanggasihotang,caturanggasihotang@gmail.com,+62-002-173-8963
9,Hamima,Palastri,hamimapalastri,hamimapalastri@yahoo.com,0873075431
10,Rahmat,Rahmawati,rahmatrahmawati,rahmatrahmawati@yahoo.com,+62 (977) 644 2949
11,Yuni,Setiawan,yunisetiawan,yunisetiawan@hotmail.com,+62 (86) 782-5703
12,Kardi,Wijayanti,kardiwijayanti,kardiwijayanti@hotmail.com,+62 (029) 428 7521
13,Titin,Saragih,titinsaragih,titinsaragih@yahoo.com,0871634227
14,Vicky,Anggriawan,vickyanggriawan,vickyanggriawan@gmail.com,(098) 095 5157
15,Tomi,Mayasari,tomimayasari,tomimayasari@gmail.com,+62 (0316) 681 8312
16,Dasa,Novitasari,dasanovitasari,dasanovitasari@gmail.com,+62-087-000-2389
17,Putu,Winarno,putuwinarno,putuwinarno@yahoo.com,+62-018-045-7675
18,Rendy,Siregar,rendysiregar,rendysiregar@gmail.com,(056) 635-4498
19,Vicky,Situmorang,vickysitumorang,vickysitumorang@yahoo.com,+62 (86) 959 4724
20,Okta,Sitorus,oktasitorus,oktasitorus@hotmail.com,+62 (247) 024-3755
21,Rahmat,Kusumo,rahmatkusumo,rahmatkusumo@hotmail.com,+62 (049) 083-7696
22,Nugraha,Mulyani,nugrahamulyani,nugrahamulyani@gmail.com,(0696) 692-0324
23,Hana,Rahayu,hanarahayu,hanarahayu@yahoo.com,+62 (88) 784-1761
24,Sarah,Purnawati,sarahpurnawati,sarahpurnawati@gmail.com,+62-039-343-3471
25,Rafid,Sihombing,rafidsihombing,rafidsihombing@yahoo.com,0832769089
26,Hasta,Dongoran,hastadongoran,hastadongoran@gmail.com,+62 (55) 230 2930
27,Radika,Nasyiah,radikanasyiah,radikanasyiah@gmail.com,083 480 8608
28,Arta,Maryati,artamaryati,artamaryati@hotmail.com,(018) 020 9691
29,Artawan,Hutasoit,artawanhutasoit,artawanhutasoit@hotmail.com,+62 (098) 642 4502
30,Nalar,Suryono,nalarsuryono,nalarsuryono@hotmail.com,086 494 2760
31,Cakrajiya,Januar,cakrajiyajanuar,cakrajiyajanuar@hotmail.com,+62 (0407) 062 3621
32,Yusuf,Wasita,yusufwasita,yusufwasita@gmail.com,(0949) 004 6636
33,Vega,Zulaika,vegazulaika,vegazulaika@yahoo.com,+62-002-079-9801
34,Widya,Putra,widyaputra,widyaputra@yahoo.com,+62 (056) 253 4921
35,Wage,Puspasari,wagepuspasari,wagepuspasari@yahoo.com,+62 (473) 747 6803
36,Rahmat,Padmasari,rahmatpadmasari,rahmatpadmasari@yahoo.com,(0431) 423 2653
37,Reza,Salahudin,rezasalahudin,rezasalahudin@yahoo.com,(0033) 833 9442
38,Nurul,Wibowo,nurulwibowo,nurulwibowo@hotmail.com,0805698838
39,Vera,Lailasari,veralailasari,veralailasari@hotmail.com,(0828) 943-1689
40,Mumpuni,Megantara,mumpunimegantara,mumpunimegantara@gmail.com,+62-013-293-9836
41,Dwi,Susanti,dwisusanti,dwisusanti@hotmail.com,+62-71-368-0059
42,Maya,Permadi,mayapermadi,mayapermadi@yahoo.com,+62 (911) 560-8304
43,Galur,Kusmawati,galurkusmawati,galurkusmawati@gmail.com,(013) 054 6800
44,Sadina,Utama,sadinautama,sadinautama@hotmail.com,(0595) 518-2737
45,Nurul,Aryani,nurularyani,nurularyani@yahoo.com,+62 (12) 510 6803
46,Cindy,Napitupulu,cindynapitupulu,cindynapitupulu@yahoo.com,+62-0474-288-7659
47,Ibrani,Setiawan,ibranisetiawan,ibranisetiawan@yahoo.com,+62 (115) 294-4846
48,Candra,Siregar,candrasiregar,candrasiregar@yahoo.com,+62-0439-252-5102
49,Bahuwirya,Ardianto,bahuwiryaardianto,bahuwiryaardianto@yahoo.com,+62-397-288-0892
50,Jessica,Handayani,jessicahandayani,jessicahandayani@hotmail.com,+62-798-752-6323
51,Radit,Pratama,raditpratama,raditpratama@yahoo.com,+62 (40) 938 0584
52,Baktiadi,Prasasta,baktiadiprasasta,baktiadiprasasta@gmail.com,0817177514
53,Dina,Yulianti,dinayulianti,dinayulianti@yahoo.com,+62 (926) 323-5566
54,Ikin,Nuraini,ikinnuraini,ikinnuraini@gmail.com,+62-006-894-9216
55,Gasti,Andriani,gastiandriani,gastiandriani@gmail.com,(0050) 634 9091
56,Melinda,Hutasoit,melindahutasoit,melindahutasoit@yahoo.com,(053) 639-5886
57,Bagya,Hutasoit,bagyahutasoit,bagyahutasoit@yahoo.com,(0382) 712-3481
58,Mumpuni,Pertiwi,mumpunipertiwi,mumpunipertiwi@yahoo.com,+62-0754-744-6806
59,Bella,Anggraini,bellaanggraini,bellaanggraini@yahoo.com,0807991316
60,Rini,Rajata,rinirajata,rinirajata@yahoo.com,0836771773
61,Bakti,Putra,baktiputra,baktiputra@yahoo.com,+62 (064) 536-5918
62,Tasdik,Pudjiastuti,tasdikpudjiastuti,tasdikpudjiastuti@hotmail.com,(051) 388-1604
63,Taufan,Kusumo,taufankusumo,taufankusumo@yahoo.com,+62 (87) 030 9349
64,Saiful,Damanik,saifuldamanik,saifuldamanik@gmail.com,(0623) 945 5791
65,Jane,Pradana,janepradana,janepradana@gmail.com,(0473) 020-6177
66,Wage,Hidayat,wagehidayat,wagehidayat@hotmail.com,+62 (936) 630 2880
67,Darmana,Mahendra,darmanamahendra,darmanamahendra@gmail.com,+62 (049) 553-7097
68,Maida,Situmorang,maidasitumorang,maidasitumorang@yahoo.com,+62 (0288) 112-8810
69,Sarah,Hassanah,sarahhassanah,sarahhassanah@gmail.com,(0280) 913-3496
70,Gaman,Lestari,gamanlestari,gamanlestari@gmail.com,+62 (036) 290-5073
71,Lintang,Situmorang,lintangsitumorang,lintangsitumorang@gmail.com,+62 (0929) 646-4656
72,Ghani,Pratama,ghanipratama,ghanipratama@yahoo.com,+62 (446) 725-0280
73,Hasan,Nainggolan,hasannainggolan,hasannainggolan@yahoo.com,+62 (43) 504 6206
74,Ana,Nainggolan,ananainggolan,ananainggolan@hotmail.com,+62 (084) 808 9556
75,Maryanto,Pratiwi,maryantopratiwi,maryantopratiwi@hotmail.com,+62 (0334) 890 7657
76,Nrima,Rahmawati,nrimarahmawati,nrimarahmawati@gmail.com,+62 (24) 949 8523
77,Labuh,Waskita,labuhwaskita,labuhwaskita@yahoo.com,085 875 4422
78,Emas,Maheswara,emasmaheswara,emasmaheswara@hotmail.com,089 997 2891
79,Reksa,Wahyudin,reksawahyudin,reksawahyudin@yahoo.com,(002) 127 6769
80,Gasti,Dongoran,gastidongoran,gastidongoran@hotmail.com,+62-096-695-5203
81,Jarwi,Prayoga,jarwiprayoga,jarwiprayoga@hotmail.com,+62 (83) 072-8690
82,Mulyono,Yulianti,mulyonoyulianti,mulyonoyulianti@yahoo.com,+62-023-265-5767
83,Utama,Hartati,utamahartati,utamahartati@hotmail.com,(0991) 966-5931
84,Maras,Novitasari,marasnovitasari,marasnovitasari@hotmail.com,+62-500-581-9030
85,Ganjaran,Saefullah,ganjaransaefullah,ganjaransaefullah@gmail.com,+62-0724-456-8724
86,Citra,Hutagalung,citrahutagalung,citrahutagalung@hotmail.com,+62-42-365-8331
87,Maman,Hassanah,mamanhassanah,mamanhassanah@hotmail.com,0869802023
88,Ikhsan,Najmudin,ikhsannajmudin,ikhsannajmudin@gmail.com,+62 (731) 520-0496
89,Kayun,Sihotang,kayunsihotang,kayunsihotang@gmail.com,0860370331
90,Sadina,Pratiwi,sadinapratiwi,sadinapratiwi@hotmail.com,+62-603-808-2268
91,Maida,Saefullah,maidasaefullah,maidasaefullah@hotmail.com,+62-355-518-5247
92,Yuni,Puspita,yunipuspita,yunipuspita@gmail.com,(0255) 739 7277
93,Rangga,Iswahyudi,ranggaiswahyudi,ranggaiswahyudi@gmail.com,+62 (0560) 260 6984
94,Parman,Irawan,parmanirawan,parmanirawan@hotmail.com,+62 (024) 832 1735
95,Michelle,Purnawati,michellepurnawati,michellepurnawati@yahoo.com,+62 (393) 706-3311
96,Cahyo,Novitasari,cahyonovitasari,cahyonovitasari@yahoo.com,(032) 457-1582
97,Koko,Oktaviani,kokooktaviani,kokooktaviani@hotmail.com,+62-081-792-9000
98,Ida,Siregar,idasiregar,idasiregar@gmail.com,(0598) 507 7207
99,Luis,Wibisono,luiswibisono,luiswibisono@yahoo.com,(020) 435-2750
100,Nardi,Ramadan,nardiramadan,nardiramadan@gmail.com,+62 (366) 638 8131
101,Zelda,Saefullah,zeldasaefullah,zeldasaefullah@yahoo.com,+62 (67) 776-7878
102,Ana,Firgantoro,anafirgantoro,anafirgantoro@yahoo.com,+62-078-136-8162
103,Tasnim,Rahmawati,tasnimrahmawati,tasnimrahmawati@hotmail.com,+62 (42) 075 1764
104,Jabal,Ramadan,jabalramadan,jabalramadan@yahoo.com,+62 (03) 968-2044
105,Kamila,Wijayanti,kamilawijayanti,kamilawijayanti@hotmail.com,+62 (997) 806 4389
106,Wirda,Permata,wirdapermata,wirdapermata@yahoo.com,(0402) 613 6652
107,Lukita,Wahyudin,lukitawahyudin,lukitawahyudin@gmail.com,+62-081-263-3116
108,Kani,Mahendra,kanimahendra,kanimahendra@gmail.com,+62 (030) 535-9462
109,Jayadi,Marbun,jayadimarbun,jayadimarbun@hotmail.com,(0219) 774 0778
110,Nyana,Santoso,nyanasantoso,nyanasantoso@gmail.com,+62 (0907) 363 0567
111,Jati,Wahyudin,jatiwahyudin,jatiwahyudin@yahoo.com,+62-0425-867-8569
112,Perkasa,Mardhiyah,perkasamardhiyah,perkasamardhiyah@hotmail.com,+62 (073) 432 9072
113,Aslijan,Mardhiyah,aslijanmardhiyah,aslijanmardhiyah@yahoo.com,+62 (908) 250-0853
114,Asirwanda,Lestari,asirwandalestari,asirwandalestari@hotmail.com,+62 (036) 579-5236
115,Mutia,Tampubolon,mutiatampubolon,mutiatampubolon@yahoo.com,+62-74-510-5611
116,Dian,Oktaviani,dianoktaviani,dianoktaviani@yahoo.com,(019) 448-0636
117,Siska,Rahmawati,siskarahmawati,siskarahmawati@yahoo.com,+62 (096) 212-5834
118,Gandi,Prasetya,gandiprasetya,gandiprasetya@yahoo.com,+62 (045) 627 4259
119,Pangeran,Safitri,pangeransafitri,pangeransafitri@hotmail.com,+62-973-682-9152
120,Purwanto,Mardhiyah,purwantomardhiyah,purwantomardhiyah@yahoo.com,+62 (066) 439 7948
121,Daniswara,Hutapea,daniswarahutapea,daniswarahutapea@yahoo.com,+62-307-584-2408
122,Unjani,Wulandari,unjaniwulandari,unjaniwulandari@hotmail.com,+62-010-097-8805
123,Prasetyo,Utami,prasetyoutami,prasetyoutami@gmail.com,(014) 804-5871
124,Prayitna,Hassanah,prayitnahassanah,prayitnahassanah@hotmail.com,+62 (034) 786-5245
125,Liman,Yuliarti,limanyuliarti,limanyuliarti@yahoo.com,(097) 147-3730
126,Azalea,Winarno,azaleawinarno,azaleawinarno@yahoo.com,+62 (077) 900 5972
127,Darmaji,Prastuti,darmajiprastuti,darmajiprastuti@yahoo.com,+62-16-996-3292
128,Kasiyah,Hutapea,kasiyahhutapea,kasiyahhutapea@gmail.com,(052) 739-7010
129,Adika,Kurniawan,adikakurniawan,adikakurniawan@gmail.com,+62 (070) 295-8013
130,Baktianto,Megantara,baktiantomegantara,baktiantomegantara@gmail.com,+62 (0004) 644 3674
131,Nurul,Thamrin,nurulthamrin,nurulthamrin@yahoo.com,+62-530-917-9848
132,Okto,Rajata,oktorajata,oktorajata@yahoo.com,+62 (070) 915 1286
133,Jarwa,Riyanti,jarwariyanti,jarwariyanti@hotmail.com,(0317) 667-4168
134,Dadap,Aryani,dadaparyani,dadaparyani@gmail.com,+62 (280) 894 1991
135,Jagapati,Sihombing,jagapatisihombing,jagapatisihombing@gmail.com,(0860) 084 9174
136,Amelia,Suryono,ameliasuryono,ameliasuryono@hotmail.com,+62 (68) 312 0129
137,Eka,Pertiwi,ekapertiwi,ekapertiwi@gmail.com,(085) 286-0449
138,Hendra,Mulyani,hendramulyani,hendramulyani@gmail.com,0860972911
139,Raden,Yolanda,radenyolanda,radenyolanda@gmail.com,+62-463-632-1407
140,Janet,Mansur,janetmansur,janetmansur@gmail.com,+62-21-826-9355
141,Kemal,Saefullah,kemalsaefullah,kemalsaefullah@yahoo.com,0874217604
142,Lidya,Suryono,lidyasuryono,lidyasuryono@yahoo.com,+62 (813) 348-5645
143,Dalimin,Wacana,daliminwacana,daliminwacana@hotmail.com,+62 (826) 881-3881
144,Mala,Rajasa,malarajasa,malarajasa@gmail.com,+62 (96) 757-7397
145,Eka,Hidayat,ekahidayat,ekahidayat@hotmail.com,0891747725
146,Nova,Rahayu,novarahayu,novarahayu@gmail.com,+62-0798-404-5295
147,Yuliana,Salahudin,yulianasalahudin,yulianasalahudin@hotmail.com,+62 (15) 530 8526
148,Wawan,Oktaviani,wawanoktaviani,wawanoktaviani@yahoo.com,+62 (011) 841 8941
149,Ade,Winarsih,adewinarsih,adewinarsih@yahoo.com,+62 (552) 662 1647
150,Taufik,Tarihoran,taufiktarihoran,taufiktarihoran@gmail.com,(087) 258 4379
151,Gamanto,Usada,gamantousada,gamantousada@gmail.com,+62 (0083) 499-0105
152,Eluh,Marpaung,eluhmarpaung,eluhmarpaung@yahoo.com,+62-008-681-3618
153,Mahdi,Yuniar,mahdiyuniar,mahdiyuniar@yahoo.com,0875702771
154,Kezia,Pratama,keziapratama,keziapratama@yahoo.com,085 566 2987
155,Sabri,Hartati,sabrihartati,sabrihartati@gmail.com,+62 (77) 810-1350
156,Artawan,Ramadan,artawanramadan,artawanramadan@gmail.com,(0499) 319-9306
157,Faizah,Hidayat,faizahhidayat,faizahhidayat@hotmail.com,(0725) 228 6612
158,Xanana,Andriani,xananaandriani,xananaandriani@gmail.com,+62 (0526) 457 1165
159,Nrima,Waluyo,nrimawaluyo,nrimawaluyo@yahoo.com,+62 (0999) 531-9866
160,Balidin,Kusmawati,balidinkusmawati,balidinkusmawati@yahoo.com,+62 (47) 409-1789
161,Maman,Lailasari,mamanlailasari,mamanlailasari@yahoo.com,(0133) 255 1162
162,Daniswara,Mahendra,daniswaramahendra,daniswaramahendra@yahoo.com,+62-039-492-8395
163,Ghaliyati,Suwarno,ghaliyatisuwarno,ghaliyatisuwarno@yahoo.com,+62 (50) 038-3983
164,Zulfa,Siregar,zulfasiregar,zulfasiregar@yahoo.com,(013) 492-3158
165,Zulaikha,Natsir,zulaikhanatsir,zulaikhanatsir@yahoo.com,+62-88-104-3073
166,Jindra,Yuniar,jindrayuniar,jindrayuniar@hotmail.com,+62-380-309-7055
167,Gina,Suryatmi,ginasuryatmi,ginasuryatmi@hotmail.com,(0265) 899-9092
168,Putri,Suryatmi,putrisuryatmi,putrisuryatmi@gmail.com,+62-012-238-6686
169,Elvina,Megantara,elvinamegantara,elvinamegantara@yahoo.com,0810432463
170,Caket,Natsir,caketnatsir,caketnatsir@yahoo.com,087 017 2674
171,Raihan,Yuniar,raihanyuniar,raihanyuniar@yahoo.com,+62 (0219) 104 8341
172,Xanana,Mardhiyah,xananamardhiyah,xananamardhiyah@hotmail.com,(0221) 627 8022
173,Taswir,Yolanda,taswiryolanda,taswiryolanda@hotmail.com,+62 (52) 309-1005
174,Karman,Purwanti,karmanpurwanti,karmanpurwanti@gmail.com,(0418) 914 2165
175,Galuh,Wacana,galuhwacana,galuhwacana@hotmail.com,(0525) 612-3354
176,Asmianto,Pranowo,asmiantopranowo,asmiantopranowo@gmail.com,+62 (78) 488 5316
177,Liman,Permadi,limanpermadi,limanpermadi@gmail.com,+62-87-839-4429
178,Caket,Hastuti,cakethastuti,cakethastuti@yahoo.com,(0845) 816-8683
179,Harjasa,Usada,harjasausada,harjasausada@gmail.com,+62 (059) 472 5683
180,Hamzah,Maheswara,hamzahmaheswara,hamzahmaheswara@gmail.com,(0087) 968 6837
181,Nova,Yulianti,novayulianti,novayulianti@gmail.com,+62 (036) 141 7649
182,Titi,Santoso,titisantoso,titisantoso@gmail.com,(075) 564 8068
183,Dono,Mahendra,donomahendra,donomahendra@hotmail.com,+62-71-228-2042
184,Reza,Namaga,rezanamaga,rezanamaga@yahoo.com,+62 (300) 882-1024
185,Balapati,Prakasa,balapatiprakasa,balapatiprakasa@yahoo.com,+62-0683-586-5891
186,Galih,Halim,galihhalim,galihhalim@gmail.com,0836566463
187,Liman,Dabukke,limandabukke,limandabukke@hotmail.com,+62 (050) 435 1963
188,Viktor,Nurdiyanti,viktornurdiyanti,viktornurdiyanti@gmail.com,+62-00-351-0620
189,Vinsen,Nugroho,vinsennugroho,vinsennugroho@gmail.com,+62 (0607) 467-8829
190,Elon,Pradana,elonpradana,elonpradana@hotmail.com,+62 (34) 282 0566
191,Iriana,Adriansyah,irianaadriansyah,irianaadriansyah@hotmail.com,+62 (95) 452 4431
192,Uda,Wijaya,udawijaya,udawijaya@yahoo.com,+62 (069) 988-6765
193,Jail,Thamrin,jailthamrin,jailthamrin@hotmail.com,+62-065-346-6872
194,Asman,Puspasari,asmanpuspasari,asmanpuspasari@gmail.com,+62-0228-585-0461
195,Kasiran,Yolanda,kasiranyolanda,kasiranyolanda@yahoo.com,+62-0309-791-4738
196,Wani,Zulaika,wanizulaika,wanizulaika@hotmail.com,+62-36-969-7171
197,Martaka,Yuliarti,martakayuliarti,martakayuliarti@gmail.com,+62-023-913-8414
198,Bakiadi,Pratama,bakiadipratama,bakiadipratama@gmail.com,+62 (407) 815 4309
199,Dariati,Ardianto,dariatiardianto,dariatiardianto@hotmail.com,+62-0323-559-1268
200,Perkasa,Padmasari,perkasapadmasari,perkasapadmasari@gmail.com,+62 (302) 801 3175
201,Cager,Mandala,cagermandala,cagermandala@hotmail.com,+62 (674) 269 3914
202,Mahesa,Nuraini,mahesanuraini,mahesanuraini@hotmail.com,0816167577
203,Najam,Hutapea,najamhutapea,najamhutapea@gmail.com,(079) 044-0088
204,Wulan,Pertiwi,wulanpertiwi,wulanpertiwi@hotmail.com,+62 (0008) 505-4664
205,Vicky,Siregar,vickysiregar,vickysiregar@gmail.com,+62 (64) 420-6982
206,Rini,Hutagalung,rinihutagalung,rinihutagalung@hotmail.com,+62 (28) 005 2539
207,Tania,Sihombing,taniasihombing,taniasihombing@hotmail.com,0884348155
208,Calista,Riyanti,calistariyanti,calistariyanti@yahoo.com,+62 (030) 175 8525
209,Kemba,Dabukke,kembadabukke,kembadabukke@hotmail.com,(068) 444 0378
210,Pia,Rahimah,piarahimah,piarahimah@hotmail.com,+62-10-862-3410
211,Sabri,Usada,sabriusada,sabriusada@yahoo.com,+62 (109) 268-7006
212,Lukman,Hidayat,lukmanhidayat,lukmanhidayat@hotmail.com,+62 (74) 797-1453
213,Gada,Hardiansyah,gadahardiansyah,gadahardiansyah@yahoo.com,(0197) 348-1464
214,Diana,Utama,dianautama,dianautama@gmail.com,0831963728
215,Maryadi,Megantara,maryadimegantara,maryadimegantara@hotmail.com,+62 (83) 024-0553
216,Kawaya,Permadi,kawayapermadi,kawayapermadi@yahoo.com,(0736) 889-9534
217,Darman,Maryati,darmanmaryati,darmanmaryati@hotmail.com,+62 (048) 892-2940
218,Hilda,Wibisono,hildawibisono,hildawibisono@gmail.com,0834708883
219,Budi,Lestari,budilestari,budilestari@yahoo.com,+62 (69) 792-5985
220,Yusuf,Najmudin,yusufnajmudin,yusufnajmudin@hotmail.com,+62 (342) 348 4218
221,Yunita,Rajasa,yunitarajasa,yunitarajasa@hotmail.com,(0282) 146 7558
222,Raditya,Laksita,radityalaksita,radityalaksita@hotmail.com,+62-784-696-2144
223,Nabila,Sitompul,nabilasitompul,nabilasitompul@hotmail.com,082 746 8760
224,Embuh,Natsir,embuhnatsir,embuhnatsir@yahoo.com,(0568) 885-7214
225,Salsabila,Wijaya,salsabilawijaya,salsabilawijaya@hotmail.com,0822477489
226,Kamaria,Tampubolon,kamariatampubolon,kamariatampubolon@hotmail.com,(080) 449 8704
227,Daniswara,Wasita,daniswarawasita,daniswarawasita@gmail.com,(0173) 434-2450
228,Kamidin,Salahudin,kamidinsalahudin,kamidinsalahudin@yahoo.com,+62 (63) 675-9196
229,Asirwanda,Yulianti,asirwandayulianti,asirwandayulianti@yahoo.com,+62 (0067) 483-7309
230,Kanda,Santoso,kandasantoso,kandasantoso@gmail.com,+62 (30) 707 3027
231,Nabila,Farida,nabilafarida,nabilafarida@hotmail.com,(024) 518-1551
232,Cahyadi,Widiastuti,cahyadiwidiastuti,cahyadiwidiastuti@hotmail.com,+62 (69) 769-8071
233,Kayun,Hidayat,kayunhidayat,kayunhidayat@gmail.com,(0818) 524-9675
234,Victoria,Usamah,victoriausamah,victoriausamah@yahoo.com,+62-0725-982-1063
235,Jaga,Sihombing,jagasihombing,jagasihombing@yahoo.com,+62-92-190-6997
236,Yusuf,Suartini,yusufsuartini,yusufsuartini@hotmail.com,087 924 4447
237,Maryanto,Hutagalung,maryantohutagalung,maryantohutagalung@gmail.com,(0523) 014 4365
238,Ulva,Hastuti,ulvahastuti,ulvahastuti@yahoo.com,+62 (065) 929 8571
239,Jumari,Kusmawati,jumarikusmawati,jumarikusmawati@hotmail.com,+62 (029) 162 7256
240,Rika,Natsir,rikanatsir,rikanatsir@gmail.com,+62-096-356-6729
241,Dimas,Pratama,dimaspratama,dimaspratama@gmail.com,+62-87-204-9676
242,Praba,Widodo,prabawidodo,prabawidodo@yahoo.com,+62 (534) 523-4063
243,Asmianto,Dongoran,asmiantodongoran,asmiantodongoran@yahoo.com,+62 (864) 882 5477
244,Anita,Latupono,anitalatupono,anitalatupono@hotmail.com,(095) 321-9538
245,Dalimin,Hardiansyah,daliminhardiansyah,daliminhardiansyah@hotmail.com,+62 (0878) 783 1733
246,Gada,Marpaung,gadamarpaung,gadamarpaung@hotmail.com,+62-04-076-1502
247,Daru,Laksmiwati,darulaksmiwati,darulaksmiwati@yahoo.com,+62-748-266-2633
248,Putu,Wahyudin,putuwahyudin,putuwahyudin@yahoo.com,+62 (0592) 173-6165
249,Puspa,Utami,puspautami,puspautami@yahoo.com,+62 (61) 358-8288
250,Cahyono,Setiawan,cahyonosetiawan,cahyonosetiawan@gmail.com,+62 (084) 149 1871
251,Teguh,Jailani,teguhjailani,teguhjailani@gmail.com,+62 (082) 151-3674
252,Liman,Marpaung,limanmarpaung,limanmarpaung@yahoo.com,(000) 666-5337
253,Kariman,Wibisono,karimanwibisono,karimanwibisono@gmail.com,+62-68-871-0752
254,Emong,Riyanti,emongriyanti,emongriyanti@gmail.com,(009) 559 4763
255,Kunthara,Fujiati,kuntharafujiati,kuntharafujiati@gmail.com,+62 (070) 689-8852
256,Paris,Hutagalung,parishutagalung,parishutagalung@hotmail.com,+62-19-294-1042
257,Argono,Kusmawati,argonokusmawati,argonokusmawati@yahoo.com,+62 (098) 689 0609
258,Prima,Damanik,primadamanik,primadamanik@hotmail.com,084 453 2422
259,Raina,Fujiati,rainafujiati,rainafujiati@hotmail.com,+62 (0258) 465-1204
260,Balijan,Handayani,balijanhandayani,balijanhandayani@hotmail.com,0800912052
261,Padmi,Winarsih,padmiwinarsih,padmiwinarsih@yahoo.com,(0590) 290-1722
262,Makara,Setiawan,makarasetiawan,makarasetiawan@gmail.com,+62 (0619) 084-6731
263,Ega,Widiastuti,egawidiastuti,egawidiastuti@gmail.com,+62-517-914-1170
264,Elisa,Permadi,elisapermadi,elisapermadi@hotmail.com,087 585 6206
265,Jarwadi,Samosir,jarwadisamosir,jarwadisamosir@hotmail.com,086 594 3665
266,Mahfud,Nugroho,mahfudnugroho,mahfudnugroho@yahoo.com,+62-0501-316-7733
267,Hadi,Lestari,hadilestari,hadilestari@hotmail.com,+62 (93) 640-7084
268,Umaya,Mahendra,umayamahendra,umayamahendra@yahoo.com,+62-126-206-1723
269,Dipa,Nashiruddin,dipanashiruddin,dipanashiruddin@gmail.com,+62 (134) 147 1449
270,Mumpuni,Waluyo,mumpuniwaluyo,mumpuniwaluyo@hotmail.com,+62 (095) 387 5058
271,Jelita,Laksita,jelitalaksita,jelitalaksita@yahoo.com,+62 (0310) 234-0587
272,Kayla,Pertiwi,kaylapertiwi,kaylapertiwi@yahoo.com,+62 (072) 601 8238
273,Raisa,Maulana,raisamaulana,raisamaulana@gmail.com,+62 (16) 812-8277
274,Among,Sudiati,amongsudiati,amongsudiati@hotmail.com,+62-0676-901-2597
275,Luhung,Januar,luhungjanuar,luhungjanuar@gmail.com,085 575 6214
276,Anom,Sinaga,anomsinaga,anomsinaga@yahoo.com,+62 (0835) 375 6528
277,Mustika,Maryadi,mustikamaryadi,mustikamaryadi@yahoo.com,+62 (534) 670-2565
278,Anggabaya,Hariyah,anggabayahariyah,anggabayahariyah@hotmail.com,+62-82-541-0765
279,Asman,Namaga,asmannamaga,asmannamaga@hotmail.com,+62-73-189-4198
280,Bahuraksa,Prabowo,bahuraksaprabowo,bahuraksaprabowo@gmail.com,+62 (0481) 677-7316
281,Kawaca,Salahudin,kawacasalahudin,kawacasalahudin@hotmail.com,089 445 9634
282,Lili,Najmudin,lilinajmudin,lilinajmudin@hotmail.com,+62 (0328) 887 8353
283,Padmi,Nugroho,padminugroho,padminugroho@yahoo.com,(052) 713-3499
284,Ciaobella,Suartini,ciaobellasuartini,ciaobellasuartini@hotmail.com,(0861) 893-0431
285,Anggabaya,Mansur,anggabayamansur,anggabayamansur@gmail.com,+62 (073) 476-1923
286,Ella,Suartini,ellasuartini,ellasuartini@yahoo.com,0834526336
287,Prasetyo,Damanik,prasetyodamanik,prasetyodamanik@hotmail.com,(074) 767-8246
288,Hamima,Winarno,hamimawinarno,hamimawinarno@hotmail.com,+62 (72) 270-3109
289,Kasiyah,Mahendra,kasiyahmahendra,kasiyahmahendra@hotmail.com,+62 (0366) 473-5157
290,Opan,Hidayanto,opanhidayanto,opanhidayanto@yahoo.com,(003) 005-8729
291,Bakda,Mahendra,bakdamahendra,bakdamahendra@hotmail.com,+62-81-890-6803
292,Drajat,Namaga,drajatnamaga,drajatnamaga@hotmail.com,(0643) 482 1811
293,Karimah,Prasasta,karimahprasasta,karimahprasasta@hotmail.com,+62 (231) 788 8195
294,Kasiran,Sihombing,kasiransihombing,kasiransihombing@gmail.com,+62-0379-571-0081
295,Mulyono,Marbun,mulyonomarbun,mulyonomarbun@gmail.com,+62 (491) 068-1533
296,Paulin,Astuti,paulinastuti,paulinastuti@hotmail.com,+62-077-558-7987
297,Eko,Safitri,ekosafitri,ekosafitri@yahoo.com,(010) 446-6305
298,Rama,Susanti,ramasusanti,ramasusanti@hotmail.com,(013) 186-5987
299,Darmana,Widiastuti,darmanawidiastuti,darmanawidiastuti@hotmail.com,+62 (55) 625 2562
300,Siti,Maryati,sitimaryati,sitimaryati@gmail.com,+62 (034) 735 9881
301,Among,Hutagalung,amonghutagalung,amonghutagalung@yahoo.com,+62 (311) 951-8626
302,Kasiyah,Zulkarnain,kasiyahzulkarnain,kasiyahzulkarnain@yahoo.com,(028) 934-6359
303,Usman,Sudiati,usmansudiati,usmansudiati@yahoo.com,(091) 974 2475
304,Raditya,Mahendra,radityamahendra,radityamahendra@gmail.com,+62 (0989) 092 3755
305,Parman,Hutapea,parmanhutapea,parmanhutapea@gmail.com,+62-069-159-4591
306,Timbul,Hasanah,timbulhasanah,timbulhasanah@hotmail.com,+62-0064-451-3669
307,Kusuma,Hariyah,kusumahariyah,kusumahariyah@hotmail.com,+62-0364-156-6916
308,Dewi,Sitompul,dewisitompul,dewisitompul@gmail.com,+62 (0551) 619-3984
309,Jayadi,Pratiwi,jayadipratiwi,jayadipratiwi@yahoo.com,(0057) 098-9619
310,Leo,Ardianto,leoardianto,leoardianto@gmail.com,(0191) 383-2523
311,Tantri,Lazuardi,tantrilazuardi,tantrilazuardi@yahoo.com,088 775 4000
312,Galuh,Winarsih,galuhwinarsih,galuhwinarsih@gmail.com,+62 (21) 572-7490
313,Hari,Halim,harihalim,harihalim@gmail.com,+62 (42) 677-4982
314,Eka,Maryati,ekamaryati,ekamaryati@gmail.com,+62-011-015-7554
315,Mala,Hutasoit,malahutasoit,malahutasoit@hotmail.com,+62 (88) 491 5943
316,Edison,Kurniawan,edisonkurniawan,edisonkurniawan@hotmail.com,+62 (16) 666 3883
317,Agnes,Hidayat,agneshidayat,agneshidayat@gmail.com,089 410 0076
318,Abyasa,Jailani,abyasajailani,abyasajailani@gmail.com,(0995) 147-2578
319,Carla,Widodo,carlawidodo,carlawidodo@gmail.com,+62 (10) 355 5595
320,Karimah,Prabowo,karimahprabowo,karimahprabowo@hotmail.com,(0144) 635-1557
321,Baktianto,Maheswara,baktiantomaheswara,baktiantomaheswara@gmail.com,+62 (007) 215-3563
322,Yusuf,Usamah,yusufusamah,yusufusamah@hotmail.com,+62 (75) 070 5478
323,Labuh,Zulkarnain,labuhzulkarnain,labuhzulkarnain@hotmail.com,+62 (0465) 768 9260
324,Siti,Siregar,sitisiregar,sitisiregar@gmail.com,(0629) 181 0541
325,Wahyu,Agustina,wahyuagustina,wahyuagustina@yahoo.com,+62 (007) 183-3393
326,Daniswara,Hidayat,daniswarahidayat,daniswarahidayat@yahoo.com,+62 (010) 055 8086
327,Cahyadi,Suwarno,cahyadisuwarno,cahyadisuwarno@hotmail.com,+62 (021) 875 9277
328,Lili,Narpati,lilinarpati,lilinarpati@yahoo.com,086 218 5807
329,Praba,Puspita,prabapuspita,prabapuspita@yahoo.com,+62-092-060-7005
330,Laksana,Maulana,laksanamaulana,laksanamaulana@gmail.com,+62-975-858-5290
331,Nalar,Gunarto,nalargunarto,nalargunarto@yahoo.com,+62-049-422-6649
332,Prabu,Nababan,prabunababan,prabunababan@gmail.com,087 351 2687
333,Jasmin,Saragih,jasminsaragih,jasminsaragih@hotmail.com,+62-62-571-3484
334,Raisa,Prastuti,raisaprastuti,raisaprastuti@gmail.com,+62 (01) 149-8531
335,Nasrullah,Salahudin,nasrullahsalahudin,nasrullahsalahudin@gmail.com,+62 (079) 798-8072
336,Yunita,Manullang,yunitamanullang,yunitamanullang@hotmail.com,+62 (0094) 389-5890
337,Edi,Mandasari,edimandasari,edimandasari@yahoo.com,(0614) 860 6389
338,Darijan,Suartini,darijansuartini,darijansuartini@hotmail.com,+62 (697) 306 1362
339,Jagapati,Kuswandari,jagapatikuswandari,jagapatikuswandari@gmail.com,(025) 323-2022
340,Kezia,Sihombing,keziasihombing,keziasihombing@hotmail.com,(0233) 139 4672
341,Novi,Saputra,novisaputra,novisaputra@yahoo.com,+62 (343) 316 8305
342,Ana,Ramadan,anaramadan,anaramadan@yahoo.com,0869177488
343,Hani,Napitupulu,haninapitupulu,haninapitupulu@gmail.com,085 038 5246
344,Vanesa,Usamah,vanesausamah,vanesausamah@gmail.com,+62 (930) 705 6768
345,Bakiono,Oktaviani,bakionooktaviani,bakionooktaviani@yahoo.com,+62 (037) 851 6387
346,Ikin,Nugroho,ikinnugroho,ikinnugroho@yahoo.com,+62-699-316-5662
347,Radit,Farida,raditfarida,raditfarida@hotmail.com,+62-0218-076-3564
348,Yono,Mustofa,yonomustofa,yonomustofa@hotmail.com,(050) 382-2300
349,Budi,Uyainah,budiuyainah,budiuyainah@hotmail.com,+62 (0002) 683-0284
350,Lamar,Lestari,lamarlestari,lamarlestari@gmail.com,+62-69-387-6340
351,Irnanto,Hidayanto,irnantohidayanto,irnantohidayanto@gmail.com,+62-34-420-8978
352,Raihan,Zulaika,raihanzulaika,raihanzulaika@yahoo.com,+62-82-967-9690
353,Dagel,Simanjuntak,dagelsimanjuntak,dagelsimanjuntak@yahoo.com,+62 (77) 195-2826
354,Raden,Lazuardi,radenlazuardi,radenlazuardi@hotmail.com,+62-050-246-9401
355,Cawuk,Kurniawan,cawukkurniawan,cawukkurniawan@yahoo.com,+62 (96) 948 9944
356,Ega,Suartini,egasuartini,egasuartini@hotmail.com,0821761036
357,Gada,Prasasta,gadaprasasta,gadaprasasta@gmail.com,0820927076
358,Edison,Tamba,edisontamba,edisontamba@hotmail.com,(0583) 015-0984
359,Ganep,Hidayanto,ganephidayanto,ganephidayanto@yahoo.com,+62 (0733) 756-5860
360,Ajimat,Prasasta,ajimatprasasta,ajimatprasasta@gmail.com,0878082264
361,Simon,Siregar,simonsiregar,simonsiregar@hotmail.com,0897805483
362,Rama,Suryono,ramasuryono,ramasuryono@hotmail.com,+62-156-653-2216
363,Digdaya,Prabowo,digdayaprabowo,digdayaprabowo@yahoo.com,+62-86-153-8392
364,Darijan,Budiman,darijanbudiman,darijanbudiman@gmail.com,+62-317-702-9967
365,Pandu,Mustofa,pandumustofa,pandumustofa@hotmail.com,+62-229-956-2649
366,Mutia,Wahyuni,mutiawahyuni,mutiawahyuni@gmail.com,+62 (60) 920 9511
367,Kasiran,Mangunsong,kasiranmangunsong,kasiranmangunsong@yahoo.com,(034) 515 3002
368,Satya,Simbolon,satyasimbolon,satyasimbolon@yahoo.com,082 984 1891
369,Harsaya,Pangestu,harsayapangestu,harsayapangestu@gmail.com,+62 (0924) 214-4071
370,Kairav,Siregar,kairavsiregar,kairavsiregar@gmail.com,089 526 1433
371,Jarwi,Yulianti,jarwiyulianti,jarwiyulianti@gmail.com,+62 (0764) 974 6036
372,Oliva,Pradana,olivapradana,olivapradana@hotmail.com,(0670) 471 5593
373,Damu,Maryadi,damumaryadi,damumaryadi@hotmail.com,+62 (57) 542-0600
374,Cagak,Hardiansyah,cagakhardiansyah,cagakhardiansyah@yahoo.com,+62 (002) 717-8609
375,Harjo,Iswahyudi,harjoiswahyudi,harjoiswahyudi@gmail.com,+62 (0710) 631 7104
376,Adinata,Prayoga,adinataprayoga,adinataprayoga@yahoo.com,+62 (0476) 284-1259
377,Maya,Pradana,mayapradana,mayapradana@hotmail.com,+62 (086) 190 6689
378,Gangsa,Pertiwi,gangsapertiwi,gangsapertiwi@hotmail.com,+62 (675) 357 8622
379,Gaman,Mardhiyah,gamanmardhiyah,gamanmardhiyah@hotmail.com,083 249 3340
380,Mila,Pradipta,milapradipta,milapradipta@yahoo.com,+62 (0784) 598 7234
381,Febi,Hastuti,febihastuti,febihastuti@yahoo.com,+62 (640) 211-9718
382,Yance,Wasita,yancewasita,yancewasita@yahoo.com,087 009 5972
383,Nova,Usada,novausada,novausada@yahoo.com,+62 (0507) 572-1701
384,Maya,Suartini,mayasuartini,mayasuartini@yahoo.com,+62 (057) 977 3720
385,Najwa,Zulaika,najwazulaika,najwazulaika@yahoo.com,(031) 384-0524
386,Okta,Hassanah,oktahassanah,oktahassanah@gmail.com,+62-046-397-9347
387,Hartana,Namaga,hartananamaga,hartananamaga@hotmail.com,+62 (042) 882-8320
388,Parman,Haryanti,parmanharyanti,parmanharyanti@hotmail.com,+62-047-510-3396
389,Gaiman,Widodo,gaimanwidodo,gaimanwidodo@yahoo.com,(0952) 777 9128
390,Daliono,Sinaga,dalionosinaga,dalionosinaga@yahoo.com,+62-699-699-4414
391,Ibrani,Novitasari,ibraninovitasari,ibraninovitasari@yahoo.com,+62 (065) 815 6083
392,Yulia,Hasanah,yuliahasanah,yuliahasanah@hotmail.com,+62 (318) 326 9386
393,Bakiadi,Palastri,bakiadipalastri,bakiadipalastri@hotmail.com,0838442871
394,Capa,Tampubolon,capatampubolon,capatampubolon@gmail.com,+62 (055) 588-0073
395,Asman,Prastuti,asmanprastuti,asmanprastuti@gmail.com,+62-21-379-2988
396,Endra,Safitri,endrasafitri,endrasafitri@hotmail.com,+62-067-299-3368
397,Laras,Damanik,larasdamanik,larasdamanik@gmail.com,(0186) 911 7252
398,Sabrina,Usamah,sabrinausamah,sabrinausamah@gmail.com,081 654 2051
399,Putri,Zulaika,putrizulaika,putrizulaika@gmail.com,+62 (046) 622-0343
400,Irfan,Yolanda,irfanyolanda,irfanyolanda@yahoo.com,(052) 221 9622
401,Cahyono,Mandasari,cahyonomandasari,cahyonomandasari@yahoo.com,+62 (0687) 588-4159
402,Mutia,Farida,mutiafarida,mutiafarida@gmail.com,+62-46-813-3893
403,Wardi,Yulianti,wardiyulianti,wardiyulianti@gmail.com,0835519177
404,Pranawa,Wahyuni,pranawawahyuni,pranawawahyuni@yahoo.com,+62 (856) 807 3858
405,Ana,Zulkarnain,anazulkarnain,anazulkarnain@yahoo.com,+62 (005) 459-9645
406,Zulaikha,Yuniar,zulaikhayuniar,zulaikhayuniar@gmail.com,+62-043-202-0729
407,Asirwanda,Prabowo,asirwandaprabowo,asirwandaprabowo@gmail.com,+62-0286-419-1239
408,Warji,Narpati,warjinarpati,warjinarpati@gmail.com,(0408) 812 5351
409,Yoga,Agustina,yogaagustina,yogaagustina@yahoo.com,+62-076-496-0898
410,Capa,Wibowo,capawibowo,capawibowo@gmail.com,+62 (710) 996 1081
411,Mulyanto,Salahudin,mulyantosalahudin,mulyantosalahudin@hotmail.com,087 476 5038
412,Akarsana,Dongoran,akarsanadongoran,akarsanadongoran@gmail.com,+62 (075) 800-9324
413,Dinda,Suwarno,dindasuwarno,dindasuwarno@gmail.com,(0037) 169 4423
414,Samsul,Anggriawan,samsulanggriawan,samsulanggriawan@yahoo.com,+62 (0555) 847-7377
415,Rahman,Marbun,rahmanmarbun,rahmanmarbun@yahoo.com,0845931956
416,Bakiadi,Permata,bakiadipermata,bakiadipermata@hotmail.com,(045) 447-9673
417,Vanesa,Pranowo,vanesapranowo,vanesapranowo@gmail.com,(003) 839-2124
418,Latika,Prastuti,latikaprastuti,latikaprastuti@yahoo.com,0877924555
419,Cecep,Purwanti,ceceppurwanti,ceceppurwanti@yahoo.com,+62 (010) 032-6428
420,Panca,Susanti,pancasusanti,pancasusanti@yahoo.com,+62-0795-194-7320
421,Puti,Uwais,putiuwais,putiuwais@gmail.com,0849385692
422,Baktiono,Pradipta,baktionopradipta,baktionopradipta@hotmail.com,+62-029-356-5455
423,Asirwanda,Andriani,asirwandaandriani,asirwandaandriani@yahoo.com,+62 (095) 999-5232
424,Nadine,Wibowo,nadinewibowo,nadinewibowo@gmail.com,+62 (0300) 037-7707
425,Kenzie,Anggriawan,kenzieanggriawan,kenzieanggriawan@hotmail.com,+62 (543) 261 4858
426,Slamet,Suartini,slametsuartini,slametsuartini@yahoo.com,+62 (045) 858 0320
427,Caturangga,Ardianto,caturanggaardianto,caturanggaardianto@gmail.com,(091) 764-9827
428,Candra,Hardiansyah,candrahardiansyah,candrahardiansyah@gmail.com,+62 (0954) 504 7593
429,Baktiadi,Pangestu,baktiadipangestu,baktiadipangestu@yahoo.com,+62-590-362-7380
430,Wakiman,Farida,wakimanfarida,wakimanfarida@hotmail.com,(064) 775 0387
431,Mitra,Suryono,mitrasuryono,mitrasuryono@hotmail.com,+62-79-816-8820
432,Rini,Pratama,rinipratama,rinipratama@hotmail.com,+62 (96) 714 5902
433,Tari,Wahyudin,tariwahyudin,tariwahyudin@hotmail.com,(0132) 013-0786
434,Ikin,Gunarto,ikingunarto,ikingunarto@gmail.com,+62-05-087-3272
435,Harto,Pangestu,hartopangestu,hartopangestu@yahoo.com,+62-028-550-7315
436,Baktiadi,Damanik,baktiadidamanik,baktiadidamanik@yahoo.com,+62-098-665-3450
437,Raharja,Hassanah,raharjahassanah,raharjahassanah@hotmail.com,+62 (052) 177-4609
438,Yunita,Lazuardi,yunitalazuardi,yunitalazuardi@gmail.com,+62 (061) 304-2984
439,Vino,Suwarno,vinosuwarno,vinosuwarno@gmail.com,+62-016-146-5828
440,Teddy,Laksita,teddylaksita,teddylaksita@yahoo.com,+62-29-524-1904
441,Kiandra,Nainggolan,kiandranainggolan,kiandranainggolan@yahoo.com,+62 (089) 324 2361
442,Ikhsan,Lestari,ikhsanlestari,ikhsanlestari@gmail.com,(021) 580-8746
443,Asirwanda,Marbun,asirwandamarbun,asirwandamarbun@gmail.com,+62 (30) 283-8871
444,Karya,Hastuti,karyahastuti,karyahastuti@gmail.com,+62-15-554-1773
445,Jabal,Zulkarnain,jabalzulkarnain,jabalzulkarnain@hotmail.com,+62-779-891-3412
446,Lantar,Utama,lantarutama,lantarutama@hotmail.com,+62-0601-590-6640
447,Raditya,Permata,radityapermata,radityapermata@gmail.com,+62 (529) 948 3453
448,Cecep,Pangestu,ceceppangestu,ceceppangestu@gmail.com,+62 (881) 781 7181
449,Vega,Widiastuti,vegawidiastuti,vegawidiastuti@yahoo.com,+62 (37) 079 9026
450,Balidin,Narpati,balidinnarpati,balidinnarpati@yahoo.com,+62 (069) 918-5755
451,Asmadi,Yolanda,asmadiyolanda,asmadiyolanda@hotmail.com,(014) 534-2643
452,Sabri,Nasyidah,sabrinasyidah,sabrinasyidah@hotmail.com,(0619) 213-3788
453,Cawisadi,Usamah,cawisadiusamah,cawisadiusamah@hotmail.com,(0575) 721-0684
454,Lanjar,Budiyanto,lanjarbudiyanto,lanjarbudiyanto@hotmail.com,+62-74-909-6628
455,Mariadi,Hartati,mariadihartati,mariadihartati@hotmail.com,+62 (0370) 799-1763
456,Puput,Lailasari,puputlailasari,puputlailasari@gmail.com,+62 (255) 975 9153
457,Hartaka,Zulkarnain,hartakazulkarnain,hartakazulkarnain@gmail.com,0870230974
458,Praba,Haryanto,prabaharyanto,prabaharyanto@gmail.com,+62 (0046) 842 3809
459,Raden,Sihombing,radensihombing,radensihombing@yahoo.com,+62 (021) 798-3314
460,Ami,Napitupulu,aminapitupulu,aminapitupulu@hotmail.com,(084) 666 7874
461,Ihsan,Puspita,ihsanpuspita,ihsanpuspita@yahoo.com,+62 (0872) 389 2446
462,Malika,Laksmiwati,malikalaksmiwati,malikalaksmiwati@yahoo.com,0853737601
463,Daniswara,Simanjuntak,daniswarasimanjuntak,daniswarasimanjuntak@yahoo.com,+62 (06) 875 0952
464,Kayla,Wibisono,kaylawibisono,kaylawibisono@hotmail.com,0826800018
465,Hadi,Oktaviani,hadioktaviani,hadioktaviani@gmail.com,+62-026-420-9770
466,Leo,Tampubolon,leotampubolon,leotampubolon@hotmail.com,080 232 2777
467,Opan,Januar,opanjanuar,opanjanuar@gmail.com,+62 (99) 540-9324
468,Cakrabuana,Marbun,cakrabuanamarbun,cakrabuanamarbun@gmail.com,+62 (880) 908 7531
469,Catur,Prakasa,caturprakasa,caturprakasa@yahoo.com,+62 (0628) 247 8955
470,Jamalia,Sihotang,jamaliasihotang,jamaliasihotang@yahoo.com,(0162) 057 2729
471,Marwata,Prayoga,marwataprayoga,marwataprayoga@hotmail.com,+62 (34) 005-6083
472,Rachel,Wastuti,rachelwastuti,rachelwastuti@hotmail.com,+62-16-849-7600
473,Mursinin,Wibowo,mursininwibowo,mursininwibowo@yahoo.com,(0786) 121-8827
474,Makuta,Tampubolon,makutatampubolon,makutatampubolon@hotmail.com,+62-44-022-7080
475,Opung,Pradipta,opungpradipta,opungpradipta@gmail.com,+62 (68) 709-7539
476,Kiandra,Hasanah,kiandrahasanah,kiandrahasanah@gmail.com,+62 (0692) 000-5440
477,Yosef,Najmudin,yosefnajmudin,yosefnajmudin@hotmail.com,+62 (915) 170-7032
478,Darsirah,Mangunsong,darsirahmangunsong,darsirahmangunsong@gmail.com,+62 (780) 486-1778
479,Kemba,Waskita,kembawaskita,kembawaskita@hotmail.com,+62-586-497-8959
480,Fitria,Firmansyah,fitriafirmansyah,fitriafirmansyah@yahoo.com,(080) 707 8072
481,Najwa,Maryadi,najwamaryadi,najwamaryadi@gmail.com,(006) 970-2898
482,Damu,Prasetya,damuprasetya,damuprasetya@yahoo.com,(059) 685 4137
483,Upik,Siregar,upiksiregar,upiksiregar@gmail.com,(0817) 169-8047
484,Jatmiko,Saragih,jatmikosaragih,jatmikosaragih@hotmail.com,+62 (0459) 907 3773
485,Ilsa,Laksmiwati,ilsalaksmiwati,ilsalaksmiwati@yahoo.com,+62 (74) 595-3426
486,Rahmi,Permadi,rahmipermadi,rahmipermadi@gmail.com,(0108) 749 6024
487,Lamar,Jailani,lamarjailani,lamarjailani@hotmail.com,+62 (061) 836-0751
488,Cager,Mangunsong,cagermangunsong,cagermangunsong@gmail.com,+62 (017) 326 8810
489,Natalia,Namaga,natalianamaga,natalianamaga@yahoo.com,(039) 013-9149
490,Naradi,Putra,naradiputra,naradiputra@gmail.com,+62-16-776-4975
491,Cawisono,Waskita,cawisonowaskita,cawisonowaskita@hotmail.com,0814629226
492,Kasim,Dabukke,kasimdabukke,kasimdabukke@hotmail.com,+62 (089) 223 3786
493,Kasim,Kusumo,kasimkusumo,kasimkusumo@gmail.com,(0507) 528 4004
494,Baktiono,Nugroho,baktiononugroho,baktiononugroho@gmail.com,+62 (68) 517-1795
495,Taufan,Simbolon,taufansimbolon,taufansimbolon@hotmail.com,082 477 5633
496,Galur,Sirait,galursirait,galursirait@yahoo.com,+62 (0867) 261 5018
497,Capa,Mangunsong,capamangunsong,capamangunsong@hotmail.com,+62 (0705) 047-2848
498,Lidya,Sitompul,lidyasitompul,lidyasitompul@yahoo.com,+62 (0798) 653-6778
499,Daru,Nashiruddin,darunashiruddin,darunashiruddin@gmail.com,+62 (332) 218-9396
500,Kacung,Permata,kacungpermata,kacungpermata@hotmail.com,+62 (0673) 594 9013
501,Mulya,Siregar,mulyasiregar,mulyasiregar@gmail.com,+62 (80) 455 4526
502,Bagus,Tarihoran,bagustarihoran,bagustarihoran@hotmail.com,(009) 923 3104
503,Tantri,Halimah,tantrihalimah,tantrihalimah@gmail.com,+62-0917-755-0775
504,Leo,Puspita,leopuspita,leopuspita@gmail.com,+62 (31) 006-3777
505,Ajiono,Nuraini,ajiononuraini,ajiononuraini@gmail.com,085 942 8579
506,Ganda,Prabowo,gandaprabowo,gandaprabowo@yahoo.com,+62-037-859-0234
507,Tari,Mulyani,tarimulyani,tarimulyani@yahoo.com,+62-224-229-2957
508,Ajiman,Anggriawan,ajimananggriawan,ajimananggriawan@hotmail.com,+62-28-984-5186
509,Saiful,Narpati,saifulnarpati,saifulnarpati@hotmail.com,+62 (02) 785 0371
510,Erik,Mandasari,erikmandasari,erikmandasari@yahoo.com,(0194) 342 8811
511,Jati,Thamrin,jatithamrin,jatithamrin@hotmail.com,+62 (28) 215 3099
512,Wirda,Kusumo,wirdakusumo,wirdakusumo@yahoo.com,+62 (020) 268 8901
513,Elma,Kuswandari,elmakuswandari,elmakuswandari@yahoo.com,+62 (037) 799 4820
514,Lili,Melani,lilimelani,lilimelani@yahoo.com,(001) 411 3211
515,Gilda,Handayani,gildahandayani,gildahandayani@yahoo.com,(0970) 865 3715
516,Kajen,Halim,kajenhalim,kajenhalim@gmail.com,+62 (0049) 318-1857
517,Virman,Firgantoro,virmanfirgantoro,virmanfirgantoro@yahoo.com,+62 (054) 795 3353
518,Usyi,Lazuardi,usyilazuardi,usyilazuardi@hotmail.com,+62 (0467) 618 1584
519,Bambang,Irawan,bambangirawan,bambangirawan@yahoo.com,+62 (521) 427-7090
520,Taufik,Nuraini,taufiknuraini,taufiknuraini@hotmail.com,084 210 3081
521,Muni,Hardiansyah,munihardiansyah,munihardiansyah@yahoo.com,+62-0355-237-6961
522,Citra,Irawan,citrairawan,citrairawan@yahoo.com,+62-41-384-3103
523,Mahmud,Permadi,mahmudpermadi,mahmudpermadi@hotmail.com,+62 (058) 788 5246
524,Prasetyo,Permadi,prasetyopermadi,prasetyopermadi@gmail.com,+62 (81) 263-5283
525,Kambali,Manullang,kambalimanullang,kambalimanullang@yahoo.com,+62 (0965) 926 2384
526,Vanesa,Dabukke,vanesadabukke,vanesadabukke@gmail.com,+62-78-549-1110
527,Kayla,Purwanti,kaylapurwanti,kaylapurwanti@gmail.com,(0134) 956 6569
528,Dimaz,Riyanti,dimazriyanti,dimazriyanti@yahoo.com,+62 (90) 284 4033
529,Kanda,Prasetya,kandaprasetya,kandaprasetya@gmail.com,+62 (024) 419 9812
530,Tantri,Irawan,tantriirawan,tantriirawan@yahoo.com,+62-0858-556-8171
531,Maida,Simanjuntak,maidasimanjuntak,maidasimanjuntak@gmail.com,+62 (091) 108 2201
532,Mitra,Hakim,mitrahakim,mitrahakim@gmail.com,+62 (0438) 303-2721
533,Tantri,Gunawan,tantrigunawan,tantrigunawan@gmail.com,+62 (701) 185 8596
534,Ana,Saptono,anasaptono,anasaptono@hotmail.com,+62 (036) 636-9578
535,Silvia,Hutagalung,silviahutagalung,silviahutagalung@yahoo.com,+62-0226-073-3457
536,Taswir,Purnawati,taswirpurnawati,taswirpurnawati@hotmail.com,+62-49-671-4991
537,Gatra,Wibisono,gatrawibisono,gatrawibisono@yahoo.com,(0200) 469-6191
538,Ibrani,Mulyani,ibranimulyani,ibranimulyani@yahoo.com,(014) 647-7145
539,Parman,Nainggolan,parmannainggolan,parmannainggolan@gmail.com,(074) 364-7920
540,Kania,Nasyidah,kanianasyidah,kanianasyidah@hotmail.com,(0185) 516 8441
541,Gatot,Mangunsong,gatotmangunsong,gatotmangunsong@gmail.com,+62-22-735-3125
542,Artanto,Kusmawati,artantokusmawati,artantokusmawati@gmail.com,+62 (75) 730-7457
543,Tari,Pangestu,taripangestu,taripangestu@yahoo.com,+62-83-011-5570
544,Cengkal,Halimah,cengkalhalimah,cengkalhalimah@hotmail.com,084 779 6232
545,Ciaobella,Adriansyah,ciaobellaadriansyah,ciaobellaadriansyah@yahoo.com,+62 (0834) 816 5811
546,Dono,Marbun,donomarbun,donomarbun@hotmail.com,+62 (050) 088-6405
547,Rosman,Mardhiyah,rosmanmardhiyah,rosmanmardhiyah@yahoo.com,+62-0655-803-6150
548,Gangsa,Mahendra,gangsamahendra,gangsamahendra@yahoo.com,+62 (0127) 375 4873
549,Warta,Narpati,wartanarpati,wartanarpati@yahoo.com,0815404417
550,Syahrini,Andriani,syahriniandriani,syahriniandriani@gmail.com,(005) 481-4626
551,Garan,Gunarto,garangunarto,garangunarto@gmail.com,+62 (031) 970-6448
552,Bagiya,Andriani,bagiyaandriani,bagiyaandriani@hotmail.com,+62-121-479-9763
553,Gandi,Anggraini,gandianggraini,gandianggraini@yahoo.com,0841395511
554,Maria,Marpaung,mariamarpaung,mariamarpaung@hotmail.com,+62-83-376-2606
555,Nadia,Suwarno,nadiasuwarno,nadiasuwarno@yahoo.com,+62 (00) 315-3409
556,Timbul,Zulaika,timbulzulaika,timbulzulaika@yahoo.com,+62 (71) 936 4049
557,Galak,Rahmawati,galakrahmawati,galakrahmawati@gmail.com,+62 (25) 238 3934
558,Lega,Nasyiah,leganasyiah,leganasyiah@hotmail.com,(065) 435 8960
559,Purwanto,Fujiati,purwantofujiati,purwantofujiati@yahoo.com,+62 (67) 101-2716
560,Jail,Prabowo,jailprabowo,jailprabowo@hotmail.com,+62 (077) 559 6301
561,Jabal,Waskita,jabalwaskita,jabalwaskita@gmail.com,+62-654-795-1699
562,Manah,Yulianti,manahyulianti,manahyulianti@gmail.com,+62 (0496) 080 0280
563,Lamar,Budiman,lamarbudiman,lamarbudiman@gmail.com,+62-0500-373-7998
564,Unggul,Wasita,unggulwasita,unggulwasita@hotmail.com,(089) 634 9229
565,Devi,Tampubolon,devitampubolon,devitampubolon@gmail.com,+62 (33) 874 9373
566,Raina,Haryanto,rainaharyanto,rainaharyanto@hotmail.com,+62 (0635) 300-9168
567,Salwa,Manullang,salwamanullang,salwamanullang@gmail.com,+62 (0714) 341 4553
568,Ozy,Hassanah,ozyhassanah,ozyhassanah@gmail.com,+62-750-289-5092
569,Murti,Kurniawan,murtikurniawan,murtikurniawan@gmail.com,+62 (094) 826-0814
570,Vivi,Hastuti,vivihastuti,vivihastuti@hotmail.com,+62-15-756-2921
571,Endra,Mandala,endramandala,endramandala@yahoo.com,+62-071-631-6660
572,Gada,Pertiwi,gadapertiwi,gadapertiwi@yahoo.com,(0259) 192 4048
573,Jumadi,Mahendra,jumadimahendra,jumadimahendra@gmail.com,+62 (216) 025-6665
574,Irnanto,Setiawan,irnantosetiawan,irnantosetiawan@yahoo.com,+62 (0536) 317 5100
575,Galiono,Maryati,galionomaryati,galionomaryati@yahoo.com,+62 (45) 010-8301
576,Endra,Prastuti,endraprastuti,endraprastuti@hotmail.com,(046) 014 6618
577,Endah,Firgantoro,endahfirgantoro,endahfirgantoro@hotmail.com,(0458) 531-2324
578,Belinda,Santoso,belindasantoso,belindasantoso@hotmail.com,+62 (710) 959-0042
579,Olga,Prayoga,olgaprayoga,olgaprayoga@yahoo.com,+62 (496) 978 2845
580,Gantar,Wulandari,gantarwulandari,gantarwulandari@hotmail.com,+62 (0191) 674-5905
581,Bahuwirya,Lazuardi,bahuwiryalazuardi,bahuwiryalazuardi@hotmail.com,+62-090-551-5585
582,Luwar,Tampubolon,luwartampubolon,luwartampubolon@gmail.com,+62 (0610) 944 2135
583,Kala,Wacana,kalawacana,kalawacana@gmail.com,(0516) 859-3742
584,Pangeran,Zulkarnain,pangeranzulkarnain,pangeranzulkarnain@hotmail.com,+62-202-859-1198
585,Jessica,Pradana,jessicapradana,jessicapradana@yahoo.com,082 988 8644
586,Teddy,Sudiati,teddysudiati,teddysudiati@gmail.com,+62 (091) 222-9855
587,Adiarja,Haryanto,adiarjaharyanto,adiarjaharyanto@hotmail.com,+62 (018) 873-6683
588,Hafshah,Lestari,hafshahlestari,hafshahlestari@hotmail.com,(005) 377-9084
589,Halima,Sihombing,halimasihombing,halimasihombing@gmail.com,(0695) 217 3448
590,Luwar,Laksita,luwarlaksita,luwarlaksita@yahoo.com,+62 (966) 449 5592
591,Garda,Haryanto,gardaharyanto,gardaharyanto@hotmail.com,(0211) 561-4428
592,Harja,Thamrin,harjathamrin,harjathamrin@hotmail.com,+62 (0342) 398-1430
593,Mitra,Novitasari,mitranovitasari,mitranovitasari@gmail.com,+62-17-632-2627
594,Gasti,Halim,gastihalim,gastihalim@gmail.com,+62 (079) 544 8458
595,Balidin,Sitompul,balidinsitompul,balidinsitompul@gmail.com,+62 (170) 663 8540
596,Jindra,Aryani,jindraaryani,jindraaryani@gmail.com,(024) 003-6590
597,Wage,Andriani,wageandriani,wageandriani@gmail.com,(0917) 126 5937
598,Carub,Nababan,carubnababan,carubnababan@hotmail.com,+62 (047) 137-5235
599,Joko,Nurdiyanti,jokonurdiyanti,jokonurdiyanti@hotmail.com,+62-081-293-7580
600,Puput,Safitri,puputsafitri,puputsafitri@hotmail.com,0860600174
601,Daruna,Mandala,darunamandala,darunamandala@yahoo.com,+62-82-354-5875
602,Asmuni,Prayoga,asmuniprayoga,asmuniprayoga@hotmail.com,+62 (0091) 891 6572
603,Ajimin,Situmorang,ajiminsitumorang,ajiminsitumorang@gmail.com,+62 (0216) 186-6820
604,Damu,Suwarno,damusuwarno,damusuwarno@hotmail.com,089 489 4942
605,Unggul,Mardhiyah,unggulmardhiyah,unggulmardhiyah@gmail.com,+62 (0484) 810 7287
606,Shakila,Zulaika,shakilazulaika,shakilazulaika@yahoo.com,+62 (04) 926-5931
607,Prabu,Nasyidah,prabunasyidah,prabunasyidah@hotmail.com,+62 (0543) 000 1642
608,Garan,Gunawan,garangunawan,garangunawan@hotmail.com,0853831917
609,Ilyas,Siregar,ilyassiregar,ilyassiregar@yahoo.com,+62-38-757-1699
610,Galang,Wasita,galangwasita,galangwasita@gmail.com,084 704 4352
611,Arta,Riyanti,artariyanti,artariyanti@gmail.com,(0980) 357-6483
612,Galih,Riyanti,galihriyanti,galihriyanti@gmail.com,(0289) 674-8336
613,Zalindra,Andriani,zalindraandriani,zalindraandriani@yahoo.com,+62-058-421-0224
614,Prakosa,Megantara,prakosamegantara,prakosamegantara@gmail.com,+62 (082) 896-3181
615,Baktiadi,Lazuardi,baktiadilazuardi,baktiadilazuardi@yahoo.com,+62 (40) 144 0858
616,Tira,Hidayat,tirahidayat,tirahidayat@yahoo.com,0835745173
617,Taufan,Purnawati,taufanpurnawati,taufanpurnawati@yahoo.com,+62 (89) 079-5971
618,Asmadi,Waluyo,asmadiwaluyo,asmadiwaluyo@gmail.com,+62 (012) 562-7675
619,Ani,Suryono,anisuryono,anisuryono@hotmail.com,+62-68-651-1429
620,Cayadi,Mangunsong,cayadimangunsong,cayadimangunsong@hotmail.com,(0002) 685-9947
621,Yulia,Pradipta,yuliapradipta,yuliapradipta@yahoo.com,(0161) 199 8478
622,Cawisadi,Gunawan,cawisadigunawan,cawisadigunawan@gmail.com,088 798 6280
623,Cakrabirawa,Hariyah,cakrabirawahariyah,cakrabirawahariyah@hotmail.com,+62 (124) 459 7873
624,Bahuwarna,Permadi,bahuwarnapermadi,bahuwarnapermadi@yahoo.com,081 906 9974
625,Asirwada,Uwais,asirwadauwais,asirwadauwais@yahoo.com,087 623 9836
626,Putri,Maryati,putrimaryati,putrimaryati@gmail.com,+62 (0635) 554-5845
627,Mustofa,Laksita,mustofalaksita,mustofalaksita@yahoo.com,+62 (74) 857 8023
628,Rahmi,Natsir,rahminatsir,rahminatsir@gmail.com,+62 (026) 472-5952
629,Respati,Pratama,respatipratama,respatipratama@hotmail.com,+62 (159) 718-7666
630,Wakiman,Saragih,wakimansaragih,wakimansaragih@hotmail.com,+62 (95) 906 5551
631,Silvia,Sudiati,silviasudiati,silviasudiati@gmail.com,(0620) 030-6245
632,Mahesa,Prabowo,mahesaprabowo,mahesaprabowo@gmail.com,086 075 6751
633,Zizi,Adriansyah,ziziadriansyah,ziziadriansyah@hotmail.com,+62 (0308) 455-3124
634,Violet,Wastuti,violetwastuti,violetwastuti@yahoo.com,088 450 1546
635,Bagus,Mansur,bagusmansur,bagusmansur@gmail.com,+62-41-853-6693
636,Dadap,Nainggolan,dadapnainggolan,dadapnainggolan@gmail.com,+62 (74) 087-0900
637,Garda,Siregar,gardasiregar,gardasiregar@yahoo.com,+62 (0877) 883 2204
638,Uli,Kusmawati,ulikusmawati,ulikusmawati@hotmail.com,0880016307
639,Cemani,Yuniar,cemaniyuniar,cemaniyuniar@yahoo.com,+62 (665) 449 3742
640,Tedi,Thamrin,tedithamrin,tedithamrin@gmail.com,+62-012-264-0418
641,Bakidin,Haryanti,bakidinharyanti,bakidinharyanti@gmail.com,(013) 178-7998
642,Mahmud,Siregar,mahmudsiregar,mahmudsiregar@gmail.com,+62-920-652-7915
643,Ibun,Laksita,ibunlaksita,ibunlaksita@yahoo.com,+62 (088) 740 8919
644,Vera,Fujiati,verafujiati,verafujiati@yahoo.com,+62-0828-162-7959
645,Citra,Nugroho,citranugroho,citranugroho@gmail.com,+62 (0523) 665-2501
646,Julia,Budiyanto,juliabudiyanto,juliabudiyanto@gmail.com,+62 (41) 706-1853
647,Luwar,Sirait,luwarsirait,luwarsirait@yahoo.com,+62 (010) 076-9750
648,Sari,Nugroho,sarinugroho,sarinugroho@gmail.com,(012) 336 6582
649,Jane,Kusumo,janekusumo,janekusumo@yahoo.com,+62-086-395-2221
650,Salman,Maulana,salmanmaulana,salmanmaulana@gmail.com,+62-0364-426-3541
651,Bagas,Halim,bagashalim,bagashalim@hotmail.com,+62 (029) 720-5119
652,Hardana,Laksmiwati,hardanalaksmiwati,hardanalaksmiwati@yahoo.com,+62 (68) 742-8381
653,Heryanto,Hutapea,heryantohutapea,heryantohutapea@gmail.com,(022) 695 7584
654,Padma,Sinaga,padmasinaga,padmasinaga@yahoo.com,+62-0592-973-2518
655,Lanjar,Najmudin,lanjarnajmudin,lanjarnajmudin@hotmail.com,0830035945
656,Zulfa,Zulaika,zulfazulaika,zulfazulaika@gmail.com,+62-66-176-7820
657,Gabriella,Maulana,gabriellamaulana,gabriellamaulana@hotmail.com,0885089343
658,Purwadi,Mustofa,purwadimustofa,purwadimustofa@gmail.com,+62 (694) 687 7247
659,Baktiadi,Riyanti,baktiadiriyanti,baktiadiriyanti@gmail.com,0832408911
660,Eko,Hardiansyah,ekohardiansyah,ekohardiansyah@hotmail.com,+62 (0464) 365 7825
661,Daliono,Irawan,dalionoirawan,dalionoirawan@hotmail.com,+62-66-785-7919
662,Elvina,Pranowo,elvinapranowo,elvinapranowo@gmail.com,+62 (61) 770-1695
663,Wakiman,Hassanah,wakimanhassanah,wakimanhassanah@hotmail.com,+62-76-386-9194
664,Karma,Wacana,karmawacana,karmawacana@hotmail.com,+62 (0711) 337-3623
665,Balapati,Utama,balapatiutama,balapatiutama@hotmail.com,0843781800
666,Jaga,Purnawati,jagapurnawati,jagapurnawati@hotmail.com,(0357) 544 2219
667,Ika,Setiawan,ikasetiawan,ikasetiawan@gmail.com,+62 (022) 911-1386
668,Paris,Lestari,parislestari,parislestari@gmail.com,+62 (0481) 882 2062
669,Damar,Sudiati,damarsudiati,damarsudiati@hotmail.com,(038) 641-1151
670,Warji,Prasetyo,warjiprasetyo,warjiprasetyo@hotmail.com,+62-0476-527-6281
671,Cahyo,Maryati,cahyomaryati,cahyomaryati@hotmail.com,(0430) 764 2693
672,Jamil,Hidayat,jamilhidayat,jamilhidayat@gmail.com,(0392) 140-2394
673,Victoria,Napitupulu,victorianapitupulu,victorianapitupulu@hotmail.com,0833275090
674,Pranawa,Agustina,pranawaagustina,pranawaagustina@yahoo.com,+62 (71) 797-4093
675,Daliman,Hasanah,dalimanhasanah,dalimanhasanah@hotmail.com,0814544076
676,Asirwanda,Damanik,asirwandadamanik,asirwandadamanik@yahoo.com,+62-801-178-5552
677,Naradi,Fujiati,naradifujiati,naradifujiati@gmail.com,+62-069-891-3631
678,Kasusra,Widodo,kasusrawidodo,kasusrawidodo@gmail.com,+62 (028) 000-1892
679,Candra,Maryadi,candramaryadi,candramaryadi@hotmail.com,+62 (0075) 893-3756
680,Laswi,Mansur,laswimansur,laswimansur@yahoo.com,(052) 009 2185
681,Jagapati,Prayoga,jagapatiprayoga,jagapatiprayoga@hotmail.com,+62-33-810-7054
682,Eva,Rahayu,evarahayu,evarahayu@hotmail.com,+62 (021) 653-0729
683,Jail,Wulandari,jailwulandari,jailwulandari@hotmail.com,084 700 2993
684,Melinda,Farida,melindafarida,melindafarida@gmail.com,+62-93-225-9668
685,Kartika,Lazuardi,kartikalazuardi,kartikalazuardi@yahoo.com,+62 (88) 034 6549
686,Sabar,Suartini,sabarsuartini,sabarsuartini@gmail.com,+62-04-857-6231
687,Almira,Nasyiah,almiranasyiah,almiranasyiah@hotmail.com,+62 (84) 835-2105
688,Gandewa,Hasanah,gandewahasanah,gandewahasanah@hotmail.com,+62 (828) 352-4613
689,Icha,Kusmawati,ichakusmawati,ichakusmawati@yahoo.com,+62 (69) 352 0587
690,Danuja,Wijayanti,danujawijayanti,danujawijayanti@hotmail.com,+62 (0699) 170-7581
691,Salsabila,Pertiwi,salsabilapertiwi,salsabilapertiwi@yahoo.com,086 160 3966
692,Mustofa,Simanjuntak,mustofasimanjuntak,mustofasimanjuntak@gmail.com,081 346 3089
693,Gawati,Putra,gawatiputra,gawatiputra@hotmail.com,0819764837
694,Wisnu,Maulana,wisnumaulana,wisnumaulana@hotmail.com,+62-74-629-4544
695,Jagaraga,Megantara,jagaragamegantara,jagaragamegantara@gmail.com,+62-927-853-3464
696,Muhammad,Anggraini,muhammadanggraini,muhammadanggraini@hotmail.com,(0304) 342-2027
697,Farah,Lazuardi,farahlazuardi,farahlazuardi@gmail.com,+62 (71) 375 7434
698,Danang,Maryati,danangmaryati,danangmaryati@yahoo.com,0835608826
699,Banara,Namaga,banaranamaga,banaranamaga@hotmail.com,+62-017-779-1871
700,Purwadi,Najmudin,purwadinajmudin,purwadinajmudin@gmail.com,(091) 476-9066
701,Elisa,Uyainah,elisauyainah,elisauyainah@hotmail.com,(033) 488-0884
702,Capa,Firgantoro,capafirgantoro,capafirgantoro@hotmail.com,(001) 373-1428
703,Elisa,Tarihoran,elisatarihoran,elisatarihoran@hotmail.com,(0313) 355-2689
704,Amelia,Adriansyah,ameliaadriansyah,ameliaadriansyah@yahoo.com,+62 (94) 439 9305
705,Jaeman,Siregar,jaemansiregar,jaemansiregar@gmail.com,089 026 9889
706,Damar,Gunawan,damargunawan,damargunawan@hotmail.com,+62 (026) 296 3422
707,Irfan,Sinaga,irfansinaga,irfansinaga@hotmail.com,082 958 5423
708,Martani,Sihombing,martanisihombing,martanisihombing@hotmail.com,0801684067
709,Sabar,Simanjuntak,sabarsimanjuntak,sabarsimanjuntak@gmail.com,+62 (748) 316 5615
710,Daru,Hidayanto,daruhidayanto,daruhidayanto@hotmail.com,+62 (15) 354-5340
711,Novi,Widiastuti,noviwidiastuti,noviwidiastuti@yahoo.com,(0999) 613 2651
712,Diah,Sitompul,diahsitompul,diahsitompul@yahoo.com,+62 (0827) 671-4079
713,Wirda,Natsir,wirdanatsir,wirdanatsir@yahoo.com,+62 (206) 687 7252
714,Bagus,Saputra,bagussaputra,bagussaputra@gmail.com,(0133) 071 9108
715,Patricia,Puspita,patriciapuspita,patriciapuspita@yahoo.com,(006) 124 4938
716,Virman,Mandala,virmanmandala,virmanmandala@yahoo.com,+62-0916-300-9985
717,Johan,Waluyo,johanwaluyo,johanwaluyo@hotmail.com,(002) 587 5959
718,Prima,Utami,primautami,primautami@gmail.com,0833009838
719,Zamira,Nasyiah,zamiranasyiah,zamiranasyiah@gmail.com,+62 (637) 178 5987
720,Bakiman,Ardianto,bakimanardianto,bakimanardianto@gmail.com,(0849) 199 7608
721,Padmi,Wibisono,padmiwibisono,padmiwibisono@yahoo.com,+62 (75) 286 2093
722,Lantar,Yolanda,lantaryolanda,lantaryolanda@hotmail.com,0876903451
723,Panca,Anggriawan,pancaanggriawan,pancaanggriawan@gmail.com,+62 (0607) 351-7729
724,Jumadi,Suryatmi,jumadisuryatmi,jumadisuryatmi@gmail.com,(052) 807-1834
725,Jagapati,Pudjiastuti,jagapatipudjiastuti,jagapatipudjiastuti@gmail.com,(078) 514-3510
726,Kairav,Prayoga,kairavprayoga,kairavprayoga@gmail.com,+62-61-900-5170
727,Rusman,Lestari,rusmanlestari,rusmanlestari@gmail.com,+62-0232-370-6181
728,Bagiya,Adriansyah,bagiyaadriansyah,bagiyaadriansyah@hotmail.com,+62 (59) 882-0238
729,Gandewa,Hartati,gandewahartati,gandewahartati@yahoo.com,+62 (460) 103-2655
730,Hendri,Budiman,hendribudiman,hendribudiman@hotmail.com,+62 (053) 440-7585
731,Capa,Farida,capafarida,capafarida@gmail.com,+62 (25) 202-4815
732,Tedi,Dabukke,tedidabukke,tedidabukke@yahoo.com,086 284 7094
733,Rafi,Marpaung,rafimarpaung,rafimarpaung@hotmail.com,082 414 3529
734,Dimaz,Padmasari,dimazpadmasari,dimazpadmasari@hotmail.com,081 810 8967
735,Maria,Purwanti,mariapurwanti,mariapurwanti@yahoo.com,+62-080-118-1238
736,Lantar,Astuti,lantarastuti,lantarastuti@yahoo.com,+62-686-320-5062
737,Garang,Ramadan,garangramadan,garangramadan@hotmail.com,+62 (99) 147-6180
738,Danuja,Sudiati,danujasudiati,danujasudiati@yahoo.com,+62 (0603) 725 9660
739,Hasim,Siregar,hasimsiregar,hasimsiregar@hotmail.com,+62-079-384-7760
740,Zizi,Rajasa,zizirajasa,zizirajasa@hotmail.com,+62 (00) 810-8186
741,Eja,Prasetya,ejaprasetya,ejaprasetya@gmail.com,+62 (090) 807-7306
742,Syahrini,Prastuti,syahriniprastuti,syahriniprastuti@gmail.com,(024) 879-3521
743,Jagapati,Wibowo,jagapatiwibowo,jagapatiwibowo@hotmail.com,(0584) 992 3070
744,Heryanto,Haryanti,heryantoharyanti,heryantoharyanti@hotmail.com,+62-0097-652-7047
745,Ulva,Yulianti,ulvayulianti,ulvayulianti@hotmail.com,(020) 643-8875
746,Banawa,Prasetya,banawaprasetya,banawaprasetya@yahoo.com,+62 (094) 891 2333
747,Yulia,Prastuti,yuliaprastuti,yuliaprastuti@gmail.com,+62-020-847-7031
748,Gatot,Natsir,gatotnatsir,gatotnatsir@hotmail.com,+62-944-240-0989
749,Damar,Widodo,damarwidodo,damarwidodo@gmail.com,087 817 0267
750,Prasetyo,Mandala,prasetyomandala,prasetyomandala@hotmail.com,(0729) 785-9624
751,Jarwa,Maryadi,jarwamaryadi,jarwamaryadi@yahoo.com,+62 (0794) 701 5147
752,Kurnia,Kuswandari,kurniakuswandari,kurniakuswandari@hotmail.com,+62 (0522) 437-3483
753,Jaya,Rajata,jayarajata,jayarajata@hotmail.com,+62 (0489) 665-7497
754,Cahyono,Tamba,cahyonotamba,cahyonotamba@gmail.com,+62 (08) 615-0506
755,Bakidin,Marpaung,bakidinmarpaung,bakidinmarpaung@yahoo.com,+62 (0119) 178 3301
756,Manah,Kusmawati,manahkusmawati,manahkusmawati@hotmail.com,+62-0174-168-4174
757,Padma,Rahimah,padmarahimah,padmarahimah@hotmail.com,(0566) 770 3906
758,Prayitna,Laksita,prayitnalaksita,prayitnalaksita@hotmail.com,0861419242
759,Karimah,Purnawati,karimahpurnawati,karimahpurnawati@yahoo.com,+62 (283) 334-7539
760,Zelaya,Rajata,zelayarajata,zelayarajata@yahoo.com,+62-0196-421-5489
761,Among,Manullang,amongmanullang,amongmanullang@hotmail.com,+62-058-180-8395
762,Prima,Sudiati,primasudiati,primasudiati@yahoo.com,+62-50-013-4630
763,Mujur,Salahudin,mujursalahudin,mujursalahudin@yahoo.com,082 304 8633
764,Atmaja,Nuraini,atmajanuraini,atmajanuraini@yahoo.com,+62-104-721-2662
765,Perkasa,Siregar,perkasasiregar,perkasasiregar@yahoo.com,+62 (0913) 856 2874
766,Lembah,Sihombing,lembahsihombing,lembahsihombing@yahoo.com,+62 (0323) 669 8377
767,Parman,Gunawan,parmangunawan,parmangunawan@hotmail.com,+62 (898) 877 5086
768,Cakrawangsa,Saptono,cakrawangsasaptono,cakrawangsasaptono@gmail.com,(091) 078 6583
769,Luwes,Ramadan,luwesramadan,luwesramadan@yahoo.com,+62-96-902-0439
770,Daniswara,Laksmiwati,daniswaralaksmiwati,daniswaralaksmiwati@yahoo.com,+62 (30) 195 0017
771,Carub,Saragih,carubsaragih,carubsaragih@yahoo.com,+62-947-628-2377
772,Cahyo,Pranowo,cahyopranowo,cahyopranowo@gmail.com,0841075526
773,Jaka,Santoso,jakasantoso,jakasantoso@gmail.com,+62 (090) 961 2624
774,Warta,Mansur,wartamansur,wartamansur@gmail.com,(098) 997-5399
775,Cengkal,Yulianti,cengkalyulianti,cengkalyulianti@gmail.com,+62-060-535-7256
776,Gandi,Mangunsong,gandimangunsong,gandimangunsong@yahoo.com,+62-0393-034-4071
777,Bakijan,Sitompul,bakijansitompul,bakijansitompul@gmail.com,+62-93-039-4279
778,Yuni,Permata,yunipermata,yunipermata@hotmail.com,(021) 098 8795
779,Prabawa,Manullang,prabawamanullang,prabawamanullang@hotmail.com,+62 (0451) 075-8451
780,Kacung,Melani,kacungmelani,kacungmelani@gmail.com,+62 (76) 572 5460
781,Karma,Marbun,karmamarbun,karmamarbun@gmail.com,+62 (907) 379-2971
782,Nasrullah,Siregar,nasrullahsiregar,nasrullahsiregar@yahoo.com,+62 (096) 105-3923
783,Hairyanto,Purnawati,hairyantopurnawati,hairyantopurnawati@gmail.com,+62-57-644-2648
784,Ibrani,Hartati,ibranihartati,ibranihartati@hotmail.com,+62 (836) 329 0781
785,Rendy,Nurdiyanti,rendynurdiyanti,rendynurdiyanti@hotmail.com,+62-0069-544-3695
786,Cemeti,Nashiruddin,cemetinashiruddin,cemetinashiruddin@hotmail.com,(0596) 383 5049
787,Raina,Hutagalung,rainahutagalung,rainahutagalung@gmail.com,(074) 942 4577
788,Daryani,Prasetya,daryaniprasetya,daryaniprasetya@gmail.com,(0317) 462 5618
789,Alika,Wijayanti,alikawijayanti,alikawijayanti@yahoo.com,(0461) 778-1886
790,Artawan,Aryani,artawanaryani,artawanaryani@gmail.com,+62 (034) 724 2208
791,Yessi,Mandasari,yessimandasari,yessimandasari@gmail.com,+62 (0757) 670 9405
792,Pranata,Andriani,pranataandriani,pranataandriani@hotmail.com,+62 (139) 021-1853
793,Samsul,Dongoran,samsuldongoran,samsuldongoran@yahoo.com,+62-090-540-9487
794,Joko,Manullang,jokomanullang,jokomanullang@yahoo.com,+62-0890-688-3790
795,Mulyanto,Astuti,mulyantoastuti,mulyantoastuti@yahoo.com,+62-565-283-8968
796,Galih,Kuswoyo,galihkuswoyo,galihkuswoyo@gmail.com,+62 (47) 591 5672
797,Yono,Waskita,yonowaskita,yonowaskita@hotmail.com,+62 (084) 901 2499
798,Nadine,Suwarno,nadinesuwarno,nadinesuwarno@hotmail.com,+62 (572) 184-1169
799,Qori,Firgantoro,qorifirgantoro,qorifirgantoro@gmail.com,082 748 9342
800,Puspa,Winarsih,puspawinarsih,puspawinarsih@gmail.com,+62-0334-286-8519
801,Ibun,Irawan,ibunirawan,ibunirawan@gmail.com,082 770 8403
802,Lanjar,Hariyah,lanjarhariyah,lanjarhariyah@yahoo.com,+62-795-930-9471
803,Ella,Purwanti,ellapurwanti,ellapurwanti@yahoo.com,+62-0391-506-6705
804,Almira,Wahyudin,almirawahyudin,almirawahyudin@yahoo.com,+62 (933) 808-1698
805,Tiara,Natsir,tiaranatsir,tiaranatsir@yahoo.com,0893513225
806,Zizi,Mayasari,zizimayasari,zizimayasari@hotmail.com,+62 (693) 854 9193
807,Puspa,Wasita,puspawasita,puspawasita@yahoo.com,+62-98-846-8949
808,Najwa,Wastuti,najwawastuti,najwawastuti@gmail.com,+62 (58) 696 3981
809,Bajragin,Nurdiyanti,bajraginnurdiyanti,bajraginnurdiyanti@gmail.com,+62 (000) 384-1629
810,Endra,Sihombing,endrasihombing,endrasihombing@gmail.com,0874787437
811,Gangsa,Usamah,gangsausamah,gangsausamah@gmail.com,+62-0193-897-2414
812,Praba,Megantara,prabamegantara,prabamegantara@hotmail.com,+62-0529-245-6075
813,Kiandra,Wahyuni,kiandrawahyuni,kiandrawahyuni@hotmail.com,+62-838-716-1158
814,Hamzah,Susanti,hamzahsusanti,hamzahsusanti@hotmail.com,+62-0684-746-2689
815,Umay,Widodo,umaywidodo,umaywidodo@hotmail.com,0897663236
816,Daliman,Hartati,dalimanhartati,dalimanhartati@hotmail.com,0853830744
817,Hairyanto,Utami,hairyantoutami,hairyantoutami@hotmail.com,+62 (0958) 499 3076
818,Eka,Marpaung,ekamarpaung,ekamarpaung@hotmail.com,(0990) 026-7291
819,Satya,Hassanah,satyahassanah,satyahassanah@gmail.com,+62 (29) 553 5078
820,Harjo,Mulyani,harjomulyani,harjomulyani@yahoo.com,+62 (10) 711 4586
821,Vera,Widodo,verawidodo,verawidodo@hotmail.com,+62-069-155-7762
822,Lili,Astuti,liliastuti,liliastuti@gmail.com,+62-0785-371-3679
823,Budi,Tarihoran,buditarihoran,buditarihoran@gmail.com,+62-061-657-3695
824,Reza,Nashiruddin,rezanashiruddin,rezanashiruddin@gmail.com,(046) 787-0207
825,Tomi,Sinaga,tomisinaga,tomisinaga@hotmail.com,+62-07-887-6769
826,Kajen,Utama,kajenutama,kajenutama@gmail.com,088 776 4456
827,Gandi,Gunawan,gandigunawan,gandigunawan@yahoo.com,+62 (39) 734 3525
828,Dadap,Mustofa,dadapmustofa,dadapmustofa@hotmail.com,0810845949
829,Galiono,Prabowo,galionoprabowo,galionoprabowo@hotmail.com,+62 (852) 572-0123
830,Yance,Suryono,yancesuryono,yancesuryono@hotmail.com,+62 (808) 446-0585
831,Cager,Maulana,cagermaulana,cagermaulana@gmail.com,+62 (0573) 073 1729
832,Gading,Halim,gadinghalim,gadinghalim@yahoo.com,(040) 871 5214
833,Padmi,Rahmawati,padmirahmawati,padmirahmawati@yahoo.com,(0823) 220-4819
834,Nilam,Hassanah,nilamhassanah,nilamhassanah@gmail.com,0833654443
835,Umaya,Safitri,umayasafitri,umayasafitri@yahoo.com,+62 (58) 423-4971
836,Putri,Adriansyah,putriadriansyah,putriadriansyah@gmail.com,+62 (004) 353-2510
837,Yusuf,Suryono,yusufsuryono,yusufsuryono@hotmail.com,+62 (0190) 810 7551
838,Dartono,Setiawan,dartonosetiawan,dartonosetiawan@gmail.com,+62-0553-749-9009
839,Belinda,Latupono,belindalatupono,belindalatupono@yahoo.com,(0647) 699-6943
840,Eva,Sitorus,evasitorus,evasitorus@yahoo.com,(0511) 967 4320
841,Talia,Maheswara,taliamaheswara,taliamaheswara@hotmail.com,+62 (66) 610-7474
842,Cahyo,Rahmawati,cahyorahmawati,cahyorahmawati@gmail.com,(056) 366-9358
843,Silvia,Sirait,silviasirait,silviasirait@yahoo.com,081 032 3426
844,Najam,Budiman,najambudiman,najambudiman@yahoo.com,(036) 308-9214
845,Widya,Zulkarnain,widyazulkarnain,widyazulkarnain@gmail.com,(021) 660-4455
846,Joko,Sihombing,jokosihombing,jokosihombing@gmail.com,+62-087-547-9477
847,Natalia,Laksmiwati,natalialaksmiwati,natalialaksmiwati@hotmail.com,+62 (0590) 009 4893
848,Jamalia,Haryanti,jamaliaharyanti,jamaliaharyanti@yahoo.com,(0606) 921 7699
849,Pranata,Riyanti,pranatariyanti,pranatariyanti@yahoo.com,(089) 096-6870
850,Liman,Jailani,limanjailani,limanjailani@hotmail.com,+62 (247) 249 3700
851,Zizi,Prasasta,ziziprasasta,ziziprasasta@yahoo.com,+62 (166) 332 8454
852,Gamanto,Santoso,gamantosantoso,gamantosantoso@hotmail.com,+62 (053) 544-9975
853,Patricia,Andriani,patriciaandriani,patriciaandriani@gmail.com,+62 (284) 891 4248
854,Jarwadi,Simbolon,jarwadisimbolon,jarwadisimbolon@gmail.com,+62 (0603) 160-7480
855,Damar,Wacana,damarwacana,damarwacana@yahoo.com,+62 (0604) 261 0612
856,Raditya,Hassanah,radityahassanah,radityahassanah@gmail.com,(0461) 531-8620
857,Jabal,Prayoga,jabalprayoga,jabalprayoga@gmail.com,+62-035-880-4412
858,Artawan,Wahyudin,artawanwahyudin,artawanwahyudin@yahoo.com,+62 (0187) 674-8220
859,Rendy,Damanik,rendydamanik,rendydamanik@hotmail.com,+62-035-402-4276
860,Rudi,Tampubolon,ruditampubolon,ruditampubolon@gmail.com,(0214) 841-7257
861,Ani,Pangestu,anipangestu,anipangestu@gmail.com,(0844) 495 2815
862,Ikhsan,Gunawan,ikhsangunawan,ikhsangunawan@yahoo.com,(059) 035 2446
863,Kartika,Setiawan,kartikasetiawan,kartikasetiawan@hotmail.com,+62 (45) 916-8346
864,Sabar,Pradipta,sabarpradipta,sabarpradipta@gmail.com,(0242) 350-5984
865,Wira,Pradana,wirapradana,wirapradana@gmail.com,+62 (065) 024-6162
866,Calista,Natsir,calistanatsir,calistanatsir@yahoo.com,+62 (055) 374-4404
867,Ajimat,Dabukke,ajimatdabukke,ajimatdabukke@hotmail.com,+62 (14) 676-7047
868,Putu,Budiyanto,putubudiyanto,putubudiyanto@hotmail.com,+62 (41) 312-5837
869,Unjani,Thamrin,unjanithamrin,unjanithamrin@yahoo.com,0834790496
870,Kajen,Napitupulu,kajennapitupulu,kajennapitupulu@yahoo.com,084 312 2977
871,Rahmi,Mulyani,rahmimulyani,rahmimulyani@gmail.com,+62 (025) 571 9397
872,Gilang,Mandasari,gilangmandasari,gilangmandasari@yahoo.com,+62-373-945-4601
873,Maman,Aryani,mamanaryani,mamanaryani@hotmail.com,0869171426
874,Dadap,Hardiansyah,dadaphardiansyah,dadaphardiansyah@yahoo.com,(0220) 618-9343
875,Aisyah,Saputra,aisyahsaputra,aisyahsaputra@yahoo.com,(091) 649-2618
876,Gantar,Usamah,gantarusamah,gantarusamah@gmail.com,+62 (272) 392 2296
877,Wadi,Rahmawati,wadirahmawati,wadirahmawati@gmail.com,(0533) 748-7583
878,Setya,Zulaika,setyazulaika,setyazulaika@hotmail.com,+62 (90) 484 0425
879,Jais,Wahyuni,jaiswahyuni,jaiswahyuni@hotmail.com,+62-236-690-2237
880,Estiono,Sitorus,estionositorus,estionositorus@yahoo.com,+62-33-941-1039
881,Erik,Halimah,erikhalimah,erikhalimah@yahoo.com,(0095) 885-3494
882,Luthfi,Ardianto,luthfiardianto,luthfiardianto@yahoo.com,+62 (11) 957 5581
883,Legawa,Sudiati,legawasudiati,legawasudiati@yahoo.com,(0648) 485-1139
884,Nova,Hariyah,novahariyah,novahariyah@yahoo.com,+62 (055) 290 5002
885,Wasis,Sirait,wasissirait,wasissirait@hotmail.com,+62 (010) 375 2428
886,Luwar,Hutagalung,luwarhutagalung,luwarhutagalung@gmail.com,(079) 211-8999
887,Paiman,Mulyani,paimanmulyani,paimanmulyani@hotmail.com,+62-083-622-1972
888,Ellis,Mustofa,ellismustofa,ellismustofa@gmail.com,(0307) 796-6657
889,Balangga,Waluyo,balanggawaluyo,balanggawaluyo@yahoo.com,083 567 7289
890,Jumadi,Agustina,jumadiagustina,jumadiagustina@yahoo.com,0824925551
891,Kardi,Safitri,kardisafitri,kardisafitri@hotmail.com,(080) 765-3296
892,Juli,Uyainah,juliuyainah,juliuyainah@yahoo.com,+62-43-610-1011
893,Dadap,Nuraini,dadapnuraini,dadapnuraini@yahoo.com,+62 (047) 922-3964
894,Hasta,Maulana,hastamaulana,hastamaulana@hotmail.com,+62-0805-387-6319
895,Tami,Nugroho,taminugroho,taminugroho@yahoo.com,+62-02-689-2494
896,Balapati,Prastuti,balapatiprastuti,balapatiprastuti@gmail.com,+62-0409-568-0991
897,Cawisadi,Andriani,cawisadiandriani,cawisadiandriani@yahoo.com,+62 (917) 516-9053
898,Wisnu,Prakasa,wisnuprakasa,wisnuprakasa@gmail.com,082 802 0405
899,Ilsa,Winarsih,ilsawinarsih,ilsawinarsih@yahoo.com,+62 (024) 708 4789
900,Zamira,Adriansyah,zamiraadriansyah,zamiraadriansyah@gmail.com,+62 (95) 255 5275
901,Sidiq,Sitorus,sidiqsitorus,sidiqsitorus@gmail.com,+62-005-819-3068
902,Victoria,Pudjiastuti,victoriapudjiastuti,victoriapudjiastuti@gmail.com,(0808) 295-3454
903,Tari,Yuniar,tariyuniar,tariyuniar@gmail.com,+62-111-551-4567
904,Narji,Kuswandari,narjikuswandari,narjikuswandari@yahoo.com,0858687303
905,Luwes,Hardiansyah,luweshardiansyah,luweshardiansyah@hotmail.com,+62-980-984-9043
906,Usyi,Sinaga,usyisinaga,usyisinaga@hotmail.com,+62-075-145-0717
907,Anita,Susanti,anitasusanti,anitasusanti@yahoo.com,0823382894
908,Lasmono,Maryadi,lasmonomaryadi,lasmonomaryadi@hotmail.com,+62-42-989-7827
909,Karya,Pertiwi,karyapertiwi,karyapertiwi@yahoo.com,(0185) 607-0441
910,Bakti,Nababan,baktinababan,baktinababan@yahoo.com,(0695) 155-5052
911,Dadap,Adriansyah,dadapadriansyah,dadapadriansyah@hotmail.com,(015) 420 7634
912,Caturangga,Gunarto,caturanggagunarto,caturanggagunarto@yahoo.com,085 851 5396
913,Kamila,Halim,kamilahalim,kamilahalim@hotmail.com,+62 (0420) 729-9215
914,Bagus,Hutapea,bagushutapea,bagushutapea@hotmail.com,+62-06-560-3325
915,Gaman,Natsir,gamannatsir,gamannatsir@gmail.com,+62 (0404) 974-9106
916,Harsanto,Adriansyah,harsantoadriansyah,harsantoadriansyah@yahoo.com,+62 (0758) 254 6485
917,Hasan,Widodo,hasanwidodo,hasanwidodo@hotmail.com,+62 (385) 312 4383
918,Anggabaya,Tamba,anggabayatamba,anggabayatamba@hotmail.com,+62 (31) 561-8008
919,Oskar,Utami,oskarutami,oskarutami@hotmail.com,+62 (389) 528-5957
920,Wardaya,Pratama,wardayapratama,wardayapratama@gmail.com,+62-55-152-5717
921,Hari,Zulkarnain,harizulkarnain,harizulkarnain@hotmail.com,+62 (090) 665-6602
922,Cawuk,Waluyo,cawukwaluyo,cawukwaluyo@yahoo.com,+62 (0923) 480-6930
923,Mutia,Padmasari,mutiapadmasari,mutiapadmasari@yahoo.com,0821471496
924,Ciaobella,Astuti,ciaobellaastuti,ciaobellaastuti@yahoo.com,0835145261
925,Paris,Siregar,parissiregar,parissiregar@gmail.com,+62 (96) 962-7715
926,Jane,Sitorus,janesitorus,janesitorus@yahoo.com,(0185) 966-6840
927,Bakidin,Hardiansyah,bakidinhardiansyah,bakidinhardiansyah@yahoo.com,+62-0488-716-8467
928,Genta,Hakim,gentahakim,gentahakim@yahoo.com,+62 (0083) 406 6572
929,Prasetya,Hariyah,prasetyahariyah,prasetyahariyah@gmail.com,+62-0251-833-8048
930,Rahayu,Hidayanto,rahayuhidayanto,rahayuhidayanto@yahoo.com,+62-612-442-0032
931,Nasrullah,Pudjiastuti,nasrullahpudjiastuti,nasrullahpudjiastuti@hotmail.com,+62 (738) 907-6662
932,Lasmono,Hidayanto,lasmonohidayanto,lasmonohidayanto@hotmail.com,0811635919
933,Kania,Najmudin,kanianajmudin,kanianajmudin@hotmail.com,+62 (867) 159 7458
934,Luthfi,Mayasari,luthfimayasari,luthfimayasari@gmail.com,+62 (22) 361 8377
935,Saadat,Rahmawati,saadatrahmawati,saadatrahmawati@yahoo.com,+62-11-678-6979
936,Bagya,Hutagalung,bagyahutagalung,bagyahutagalung@yahoo.com,(007) 795 8873
937,Hani,Widiastuti,haniwidiastuti,haniwidiastuti@gmail.com,(0018) 373-2096
938,Karsana,Padmasari,karsanapadmasari,karsanapadmasari@gmail.com,+62-25-908-8961
939,Bahuwirya,Manullang,bahuwiryamanullang,bahuwiryamanullang@gmail.com,+62-925-693-2249
940,Daruna,Kusmawati,darunakusmawati,darunakusmawati@yahoo.com,+62-0628-445-2092
941,Latif,Pratama,latifpratama,latifpratama@yahoo.com,+62 (099) 064 7206
942,Slamet,Yulianti,slametyulianti,slametyulianti@hotmail.com,(027) 925-7407
943,Cagak,Yulianti,cagakyulianti,cagakyulianti@yahoo.com,+62 (551) 019 1556
944,Slamet,Gunawan,slametgunawan,slametgunawan@gmail.com,+62 (39) 294-6657
945,Silvia,Wastuti,silviawastuti,silviawastuti@hotmail.com,080 113 4395
946,Mursinin,Siregar,mursininsiregar,mursininsiregar@gmail.com,0840713080
947,Cawisadi,Napitupulu,cawisadinapitupulu,cawisadinapitupulu@yahoo.com,+62 (0854) 899 8081
948,Bancar,Siregar,bancarsiregar,bancarsiregar@yahoo.com,+62-595-073-4575
949,Anastasia,Wibowo,anastasiawibowo,anastasiawibowo@gmail.com,+62-447-769-1032
950,Damar,Hutasoit,damarhutasoit,damarhutasoit@hotmail.com,+62 (090) 712-4345
951,Olivia,Sitorus,oliviasitorus,oliviasitorus@gmail.com,083 727 2860
952,Rahayu,Susanti,rahayususanti,rahayususanti@gmail.com,(0885) 944-5722
953,Cagak,Najmudin,cagaknajmudin,cagaknajmudin@yahoo.com,+62 (0270) 096-5836
954,Elvina,Hidayanto,elvinahidayanto,elvinahidayanto@yahoo.com,+62-765-741-8834
955,Nalar,Napitupulu,nalarnapitupulu,nalarnapitupulu@yahoo.com,+62 (078) 712-6872
956,Ina,Mulyani,inamulyani,inamulyani@gmail.com,0804650628
957,Darimin,Waskita,dariminwaskita,dariminwaskita@gmail.com,+62 (0014) 468 9891
958,Pranata,Manullang,pranatamanullang,pranatamanullang@gmail.com,+62 (462) 718 4987
959,Catur,Mayasari,caturmayasari,caturmayasari@gmail.com,+62 (880) 714 7304
960,Oni,Nugroho,oninugroho,oninugroho@gmail.com,+62-11-431-8461
961,Endra,Melani,endramelani,endramelani@hotmail.com,+62 (048) 330 6556
962,Dian,Utami,dianutami,dianutami@yahoo.com,0855873909
963,Gasti,Prasetyo,gastiprasetyo,gastiprasetyo@hotmail.com,+62-40-124-1847
964,Yoga,Damanik,yogadamanik,yogadamanik@gmail.com,+62 (081) 406 2847
965,Kalim,Mustofa,kalimmustofa,kalimmustofa@hotmail.com,+62-586-958-9384
966,Olga,Utama,olgautama,olgautama@yahoo.com,(0013) 817-6581
967,Maria,Anggraini,mariaanggraini,mariaanggraini@gmail.com,+62 (031) 906 0642
968,Cagak,Hutapea,cagakhutapea,cagakhutapea@gmail.com,085 318 7721
969,Cakrajiya,Halim,cakrajiyahalim,cakrajiyahalim@hotmail.com,(0292) 316-5780
970,Puput,Agustina,puputagustina,puputagustina@hotmail.com,+62 (79) 763-8440
971,Jatmiko,Sihombing,jatmikosihombing,jatmikosihombing@yahoo.com,0887870208
972,Kairav,Maryadi,kairavmaryadi,kairavmaryadi@gmail.com,(0020) 776-9021
973,Yessi,Damanik,yessidamanik,yessidamanik@hotmail.com,+62 (095) 213 0476
974,Cakrawangsa,Pangestu,cakrawangsapangestu,cakrawangsapangestu@hotmail.com,+62 (0703) 869-2202
975,Atmaja,Usada,atmajausada,atmajausada@hotmail.com,(074) 329-2456
976,Bakiono,Maryati,bakionomaryati,bakionomaryati@gmail.com,+62-023-146-0375
977,Najwa,Sihotang,najwasihotang,najwasihotang@hotmail.com,+62 (96) 227 4053
978,Ellis,Wastuti,elliswastuti,elliswastuti@yahoo.com,(0194) 947-1831
979,Hartaka,Nuraini,hartakanuraini,hartakanuraini@gmail.com,+62 (0278) 657-5740
980,Vinsen,Yolanda,vinsenyolanda,vinsenyolanda@yahoo.com,+62 (946) 839-6575
981,Ifa,Napitupulu,ifanapitupulu,ifanapitupulu@hotmail.com,0862245126
982,Damar,Hardiansyah,damarhardiansyah,damarhardiansyah@yahoo.com,(068) 690-6383
983,Jamil,Wibisono,jamilwibisono,jamilwibisono@hotmail.com,+62 (069) 785-5793
984,Unggul,Mayasari,unggulmayasari,unggulmayasari@yahoo.com,+62-065-218-8447
985,Queen,Winarsih,queenwinarsih,queenwinarsih@gmail.com,+62 (24) 468-3699
986,Jarwa,Simanjuntak,jarwasimanjuntak,jarwasimanjuntak@gmail.com,+62 (060) 375-9693
987,Cahyono,Dongoran,cahyonodongoran,cahyonodongoran@hotmail.com,+62-640-128-4789
988,Ikhsan,Hardiansyah,ikhsanhardiansyah,ikhsanhardiansyah@yahoo.com,(0805) 694 4820
989,Salwa,Sihombing,salwasihombing,salwasihombing@gmail.com,+62-57-661-0146
990,Umar,Lestari,umarlestari,umarlestari@hotmail.com,+62-094-208-7285
991,Putri,Hidayanto,putrihidayanto,putrihidayanto@gmail.com,(038) 182-9975
992,Ellis,Marpaung,ellismarpaung,ellismarpaung@gmail.com,(058) 985-8032
993,Kayla,Oktaviani,kaylaoktaviani,kaylaoktaviani@hotmail.com,+62-667-206-3792
994,Pia,Wacana,piawacana,piawacana@yahoo.com,(0150) 912-0920
995,Slamet,Handayani,slamethandayani,slamethandayani@hotmail.com,+62 (0187) 018-0421
996,Mitra,Marbun,mitramarbun,mitramarbun@hotmail.com,(0756) 452 6471
997,Warsa,Purwanti,warsapurwanti,warsapurwanti@yahoo.com,0854808343
998,Wulan,Pudjiastuti,wulanpudjiastuti,wulanpudjiastuti@yahoo.com,+62 (0951) 182 0157
999,Prayoga,Waluyo,prayogawaluyo,prayogawaluyo@hotmail.com,+62 (84) 615-4080
1000,Kemba,Riyanti,kembariyanti,kembariyanti@gmail.com,+62 (065) 464-8180
